-- MySQL dump 10.13  Distrib 5.7.24, for Win64 (x86_64)
--
-- Host: localhost    Database: vocational_sys
-- ------------------------------------------------------
-- Server version	5.7.24

/*!40101 SET @OLD_CHARACTER_SET_CLIENT=@@CHARACTER_SET_CLIENT */;
/*!40101 SET @OLD_CHARACTER_SET_RESULTS=@@CHARACTER_SET_RESULTS */;
/*!40101 SET @OLD_COLLATION_CONNECTION=@@COLLATION_CONNECTION */;
/*!40101 SET NAMES utf8 */;
/*!40103 SET @OLD_TIME_ZONE=@@TIME_ZONE */;
/*!40103 SET TIME_ZONE='+00:00' */;
/*!40014 SET @OLD_UNIQUE_CHECKS=@@UNIQUE_CHECKS, UNIQUE_CHECKS=0 */;
/*!40014 SET @OLD_FOREIGN_KEY_CHECKS=@@FOREIGN_KEY_CHECKS, FOREIGN_KEY_CHECKS=0 */;
/*!40101 SET @OLD_SQL_MODE=@@SQL_MODE, SQL_MODE='NO_AUTO_VALUE_ON_ZERO' */;
/*!40111 SET @OLD_SQL_NOTES=@@SQL_NOTES, SQL_NOTES=0 */;

--
-- Table structure for table `112技優`
--

DROP TABLE IF EXISTS `112技優`;
/*!40101 SET @saved_cs_client     = @@character_set_client */;
/*!40101 SET character_set_client = utf8 */;
CREATE TABLE `112技優` (
  `類別ID` char(2) NOT NULL,
  `分校ID` smallint(6) NOT NULL,
  `科系ID` int(11) NOT NULL,
  KEY `類別ID` (`類別ID`),
  KEY `分校ID` (`分校ID`),
  KEY `科系ID` (`科系ID`),
  CONSTRAINT `112技優_ibfk_1` FOREIGN KEY (`類別ID`) REFERENCES `技優` (`類別ID`) ON DELETE CASCADE ON UPDATE CASCADE,
  CONSTRAINT `112技優_ibfk_2` FOREIGN KEY (`分校ID`) REFERENCES `分校` (`分校ID`) ON DELETE CASCADE ON UPDATE CASCADE,
  CONSTRAINT `112技優_ibfk_3` FOREIGN KEY (`科系ID`) REFERENCES `科系` (`科系ID`) ON DELETE CASCADE ON UPDATE CASCADE
) ENGINE=InnoDB DEFAULT CHARSET=utf8mb4;
/*!40101 SET character_set_client = @saved_cs_client */;

--
-- Dumping data for table `112技優`
--

LOCK TABLES `112技優` WRITE;
/*!40000 ALTER TABLE `112技優` DISABLE KEYS */;
INSERT INTO `112技優` VALUES ('60',1,2),('30',1,5),('20',1,6),('40',1,8),('60',1,9),('10',1,10),('20',1,10),('30',1,10),('10',1,12),('20',1,12),('25',1,12),('40',1,13),('85',1,15),('80',1,16),('25',1,17),('25',1,18),('65',1,18),('25',1,19),('20',1,20),('60',2,2),('76',2,22),('80',2,22),('85',2,22),('30',2,23),('60',2,24),('80',2,26),('80',2,28),('40',2,29),('60',2,9),('80',2,30),('85',2,30),('30',2,31),('60',2,31),('80',2,31),('10',2,32),('20',2,32),('25',2,32),('60',2,33),('10',2,11),('40',2,13),('30',2,34),('85',2,35),('60',2,36),('25',2,17),('20',2,18),('25',2,18),('65',2,18),('65',2,18),('10',2,37),('80',2,37),('85',2,37),('25',2,19),('20',2,20),('60',3,2),('71',3,39),('40',3,40),('95',3,41),('77',3,42),('78',3,42),('74',3,44),('80',3,44),('73',3,46),('70',3,47),('72',3,47),('73',3,47),('10',3,11),('47',3,49),('30',3,52),('55',3,52),('10',3,53),('12',3,53),('20',3,53),('60',3,55),('95',3,55),('56',3,56),('60',3,56),('56',3,56),('15',3,57),('56',3,58),('72',3,58),('90',3,58),('56',3,58),('70',3,59),('72',3,59),('90',3,60),('85',4,62),('85',4,63),('25',4,64),('30',4,65),('34',4,65),('30',4,67),('40',4,40),('80',4,68),('80',4,69),('40',4,8),('60',4,71),('85',4,72),('10',4,76),('15',4,76),('21',4,76),('60',4,77),('65',4,77),('25',4,17),('65',4,79),('25',4,19),('20',4,20),('25',4,20),('60',5,2),('72',5,125),('85',5,125),('20',5,64),('25',5,64),('10',5,126),('15',5,126),('85',5,127),('10',5,6),('55',5,6),('56',5,6),('56',5,9),('60',5,9),('10',5,10),('25',5,10),('30',5,10),('10',5,128),('10',5,129),('30',5,54),('90',5,54),('10',5,131),('20',5,131),('56',5,36),('60',5,36),('65',5,36),('20',5,17),('25',5,17),('25',5,18),('60',5,18),('65',5,18),('15',5,57),('12',5,132),('70',5,132),('72',5,132),('20',5,133),('25',5,133),('20',5,19),('25',5,19),('20',5,20),('10',5,134),('20',5,135),('25',5,135),('60',6,9),('46',6,49),('47',6,49),('71',6,49),('60',6,136),('79',6,136),('60',6,108),('56',6,137),('60',6,137),('62',6,137),('60',6,138),('72',6,138),('79',6,138),('25',6,17),('25',6,18),('60',6,18),('20',6,139),('25',6,139),('26',6,139),('20',6,20),('90',6,60),('60',6,60),('79',6,61),('20',7,140),('25',7,140),('65',7,140),('60',7,2),('20',7,143),('21',7,143),('20',7,144),('21',7,144),('30',7,145),('10',7,25),('25',7,25),('60',7,25),('60',7,88),('85',7,146),('40',7,147),('70',7,147),('10',7,148),('20',7,148),('10',7,11),('60',7,149),('25',7,17),('25',7,18),('65',7,18),('20',7,150),('25',7,150),('20',7,151),('25',7,151),('20',7,152),('25',7,152),('20',7,20),('79',8,161),('65',8,162),('79',8,163),('60',8,164),('60',8,88),('79',8,88),('65',8,165),('79',8,166),('79',8,167),('65',8,168),('79',8,168),('79',8,169),('79',8,170),('79',8,171),('79',8,171),('56',9,2),('60',9,2),('65',9,2),('60',9,173),('79',9,173),('60',9,174),('85',9,175),('60',9,176),('65',9,127),('85',9,127),('85',9,177),('60',9,178),('85',9,178),('60',9,87),('65',9,87),('60',9,179),('60',9,88),('60',9,180),('65',9,180),('25',9,181),('65',9,181),('60',9,93),('60',9,149),('78',9,182),('60',9,183),('95',9,183),('60',9,36),('60',9,112),('20',9,17),('25',9,17),('65',9,17),('60',9,18),('65',9,18),('80',10,184),('10',10,184),('20',10,184),('60',10,185),('77',10,185),('85',10,185),('65',10,186),('85',10,186),('60',11,2),('56',11,2),('60',11,187),('60',11,9),('85',11,9),('60',11,93),('60',11,36),('60',11,112),('65',11,18),('56',12,2),('60',12,2),('60',12,188),('65',12,188),('79',12,188),('60',12,174),('85',12,189),('10',12,25),('20',12,25),('25',12,25),('10',12,26),('80',12,26),('85',12,26),('85',12,190),('40',12,191),('85',12,191),('30',12,192),('60',12,88),('40',12,193),('85',12,193),('56',12,33),('60',12,33),('40',12,13),('60',12,55),('79',12,55),('10',12,195),('60',12,196),('79',12,196),('60',12,109),('85',12,35),('60',12,36),('20',12,197),('25',12,197),('20',12,198),('25',12,198),('85',12,199),('65',12,200),('20',12,201),('25',12,201),('60',12,202),('60',12,203),('60',13,2),('10',13,204),('80',13,204),('30',13,23),('20',13,205),('60',13,84),('85',13,206),('60',13,208),('15',13,209),('10',13,97),('10',13,210),('85',13,211),('30',13,212),('60',13,109),('85',13,213),('85',13,214),('85',13,215),('60',13,36),('85',13,216),('25',13,17),('65',13,17),('60',13,18),('65',13,18),('25',13,19),('20',13,217),('20',13,218),('20',13,219),('79',13,61),('60',14,2),('10',14,222),('30',14,222),('60',14,223),('85',14,223),('40',14,225),('60',14,225),('77',14,227),('78',14,227),('85',14,227),('20',14,228),('10',14,230),('15',14,231),('10',14,232),('20',14,233),('40',14,234),('85',14,234),('85',14,35),('85',14,235),('25',14,216),('65',14,216),('85',14,216),('20',14,17),('25',14,17),('65',14,18),('60',14,236),('25',14,19),('20',14,20),('85',14,237),('79',14,238),('60',15,239),('79',15,239),('76',15,240),('90',15,240),('10',15,241),('20',15,241),('40',15,241),('30',15,242),('78',15,242),('25',15,243),('60',15,243),('85',15,243),('60',15,155),('95',15,155),('10',15,246),('20',15,246),('25',15,247),('30',15,247),('10',15,248),('25',15,248),('65',15,248),('79',15,249),('60',15,55),('95',15,55),('10',15,250),('15',15,250),('40',15,250),('35',15,251),('60',15,252),('65',15,18),('60',15,255),('65',15,255),('79',15,255),('90',15,256),('30',15,257),('79',15,61),('90',15,61),('60',15,258),('60',16,2),('60',16,259),('79',16,259),('60',16,221),('76',16,260),('79',16,260),('95',16,260),('85',16,261),('40',16,177),('85',16,177),('60',16,262),('77',16,263),('78',16,263),('60',16,149),('85',16,264),('78',16,265),('60',16,266),('60',16,267),('85',16,267),('85',16,35),('25',16,17),('65',16,18),('60',16,236),('85',16,269),('20',16,270),('25',16,270),('79',16,271),('60',17,2),('30',17,82),('25',17,272),('85',17,272),('60',17,6),('60',17,9),('80',17,274),('85',17,274),('10',17,11),('60',17,138),('60',17,36),('65',17,18),('25',17,275),('25',17,19),('20',17,20),('60',18,276),('79',18,276),('60',18,240),('79',18,240),('85',18,240),('60',18,154),('65',18,154),('78',18,277),('79',18,277),('85',18,277),('60',18,278),('65',18,278),('30',18,279),('25',18,280),('35',18,280),('60',18,280),('10',18,52),('20',18,52),('25',18,52),('20',18,250),('25',18,250),('30',18,158),('35',18,158),('60',18,158),('25',18,281),('65',18,281),('60',19,2),('56',19,188),('60',19,188),('20',19,283),('25',19,283),('60',19,284),('20',19,285),('40',19,285),('55',19,285),('25',19,243),('85',19,243),('60',19,25),('95',19,41),('10',19,286),('30',19,286),('60',19,287),('79',19,287),('85',19,288),('60',19,289),('79',19,289),('95',19,289),('10',19,11),('60',19,109),('60',19,290),('60',19,291),('25',19,17),('25',19,18),('60',19,18),('60',19,292),('20',19,19),('25',19,19),('20',19,20),('60',20,154),('60',20,294),('78',20,295),('25',20,297),('60',20,297),('95',20,41),('40',20,298),('60',20,298),('85',20,298),('25',20,299),('25',20,280),('25',20,301),('25',20,302),('25',20,303),('78',20,304),('60',20,305),('25',20,157),('60',20,158),('79',20,306),('25',20,307),('90',20,308),('90',20,309),('79',20,61),('60',21,2),('60',21,311),('60',21,312),('40',21,40),('40',21,313),('80',21,313),('85',21,313),('25',21,6),('60',21,314),('60',21,315),('40',21,316),('25',21,186),('60',21,186),('85',21,186),('10',21,11),('15',21,11),('60',21,109),('65',21,109),('60',21,317),('60',21,318),('60',21,319),('20',21,17),('25',21,17),('65',21,17),('60',21,18),('65',21,18),('15',21,57),('20',21,19),('25',21,19),('20',21,20),('60',21,61),('60',21,320),('56',22,2),('60',22,2),('76',22,322),('40',22,323),('10',22,25),('85',22,326),('40',22,327),('60',22,9),('60',22,186),('85',22,186),('10',22,329),('85',22,35),('56',22,330),('60',22,330),('79',22,330),('25',22,17),('65',22,18),('60',22,236),('65',22,236),('20',22,19),('25',22,19),('20',22,20),('79',22,171),('30',25,5),('25',25,25),('60',25,25),('80',25,26),('60',25,351),('85',25,351),('10',25,45),('25',25,45),('10',25,352),('10',25,353),('15',25,354),('10',25,34),('25',25,34),('56',25,77),('60',25,77),('85',25,35),('25',25,19),('20',25,20),('60',28,2),('85',28,364),('56',28,84),('60',28,84),('65',28,84),('60',28,41),('76',28,41),('95',28,41),('60',28,365),('60',28,366),('85',28,30),('85',28,367),('60',28,93),('76',28,368),('76',28,263),('60',28,109),('85',28,35),('60',28,369),('79',28,369),('60',28,36),('25',28,370),('10',28,371),('25',28,371),('25',28,372),('25',28,373),('65',28,374),('65',28,375),('85',29,177),('60',29,376),('85',29,376),('85',29,186),('60',29,109),('85',29,109),('85',29,35),('60',29,340),('60',30,2),('60',30,377),('56',30,187),('60',30,187),('10',30,378),('40',30,378),('85',30,177),('40',30,8),('85',30,8),('60',30,376),('85',30,376),('56',30,88),('60',30,88),('85',30,186),('60',30,109),('85',30,109),('85',30,35),('60',30,340),('60',30,36),('25',30,17),('25',30,18),('60',30,18),('65',30,18),('10',31,380),('25',31,380),('65',31,380),('95',31,381),('10',31,382),('85',31,382),('10',31,34),('30',31,34),('40',31,34),('60',31,77),('60',31,383),('60',31,267),('35',31,384),('60',31,384),('25',31,158),('30',31,158),('79',31,158),('25',31,18),('60',31,18),('10',31,385),('25',31,385),('35',31,385),('25',31,386),('30',31,386),('35',31,386),('60',31,387),('65',31,387),('30',31,256),('79',31,256),('90',31,256),('60',32,2),('85',32,389),('85',32,391),('79',32,166),('85',32,392),('77',32,393),('85',32,393),('85',32,395),('76',32,396),('78',32,397),('85',32,35),('60',32,36),('65',32,18),('65',32,399),('79',32,402),('20',33,142),('21',33,142),('25',33,142),('10',33,11),('15',33,11),('20',33,17),('25',33,17),('65',33,17),('20',33,20),('25',33,20),('55',33,20),('10',33,406),('15',33,406),('60',35,2),('60',35,420),('60',35,421),('60',35,422),('60',35,423),('60',35,166),('65',35,425),('60',35,109),('85',35,426),('85',35,427),('60',35,36),('20',35,201),('25',35,201),('79',35,407),('79',35,428),('79',35,429),('60',36,430),('71',36,430),('78',36,430),('35',36,34),('30',36,431),('71',36,431),('91',36,431),('10',36,384),('60',36,384),('65',36,384),('35',36,432),('95',36,432),('30',36,158),('35',36,158),('76',36,158),('60',36,348),('70',36,348),('79',36,348),('25',36,386),('30',36,386),('35',36,386),('79',36,433),('90',36,433),('79',36,61),('90',36,61),('60',37,188),('40',37,177),('60',37,177),('85',37,177),('60',37,88),('65',37,88),('60',37,30),('85',37,30),('10',37,11),('15',37,11),('10',37,354),('15',37,354),('20',37,20),('60',37,61),('60',38,2),('60',38,437),('85',38,127),('60',38,9),('60',38,93),('60',38,149),('60',38,267),('60',38,440),('60',38,36),('60',38,442),('60',38,112),('25',38,443),('60',38,18),('65',38,18),('60',40,447),('76',40,447),('79',40,447),('40',40,8),('85',40,8),('60',40,190),('85',40,190),('10',40,11),('15',40,11),('44',40,11),('10',40,448),('15',40,448),('30',40,449),('65',40,449),('78',40,449),('30',40,450),('56',40,450),('65',40,450),('60',40,109),('20',40,451),('56',40,61),('79',40,61),('60',41,452),('65',41,452),('78',41,452),('10',41,195),('20',41,195),('10',41,453),('20',41,453),('25',41,453),('60',42,455),('25',42,456),('60',42,456),('85',42,456),('60',42,9),('60',42,457),('79',42,457),('10',42,128),('60',42,458),('85',42,458),('60',42,109),('65',42,109),('60',42,36),('25',42,443),('60',42,443),('65',42,443),('79',42,171),('25',43,355),('60',43,41),('76',43,460),('78',43,460),('10',43,461),('20',43,461),('20',43,462),('25',43,462),('60',43,462),('60',43,55),('76',43,55),('25',43,463),('60',43,463),('15',45,221),('78',45,41),('95',45,41),('25',45,468),('60',45,468),('85',45,469),('10',45,11),('12',45,11),('15',45,11),('20',45,470),('60',45,463),('15',45,471),('15',45,20),('20',45,20),('25',45,20),('79',45,61),('90',45,61),('56',46,472),('60',46,472),('60',46,473),('65',46,473),('60',46,30),('85',46,30),('10',46,11),('10',46,231),('15',46,231),('60',46,109),('25',46,18),('60',46,18),('20',46,19),('25',46,19),('20',46,20),('25',46,20),('60',47,158),('90',47,158),('79',48,240),('90',48,240),('76',48,295),('78',48,295),('95',48,41),('30',48,158),('60',48,158),('60',51,2),('10',51,175),('60',51,175),('85',51,175),('60',51,187),('60',51,88),('79',51,88),('60',51,484),('65',51,484),('85',51,484),('60',51,485),('85',51,485),('79',51,165),('60',51,486),('65',51,486),('85',51,486),('76',51,487),('78',51,487),('85',51,487),('60',51,109),('65',51,109),('60',51,268),('85',51,268),('60',51,138),('65',51,138),('79',51,138),('25',51,489),('65',51,489),('60',51,61),('79',51,61),('90',51,61),('85',52,189),('56',52,344),('60',52,491),('85',52,491),('60',52,492),('85',52,493),('65',52,494),('85',52,494),('60',52,495),('85',52,495),('60',52,496),('60',52,497),('60',52,498),('85',52,498),('60',52,499),('85',52,499),('60',52,500),('60',54,2),('60',54,502),('65',54,503),('60',54,438),('85',54,127),('60',54,87),('60',54,88),('60',54,93),('60',54,109),('60',54,36),('65',54,18),('56',55,2),('60',55,2),('60',55,188),('79',55,188),('10',55,364),('85',55,364),('70',55,504),('72',55,504),('10',55,40),('40',55,40),('70',55,40),('40',55,177),('60',55,177),('85',55,177),('60',55,88),('79',55,88),('60',55,505),('79',55,505),('10',55,11),('15',55,11),('20',55,11),('10',55,17),('20',55,17),('25',55,17),('10',55,118),('20',55,118),('25',55,118),('56',55,61),('60',55,61),('79',55,61),('60',55,506),('79',55,506),('85',58,519),('10',58,6),('15',58,6),('25',58,6),('10',58,520),('77',58,521),('85',58,521),('10',58,11),('15',58,522),('60',58,109),('35',58,158),('50',58,158),('25',58,18),('65',58,18),('15',58,523),('25',58,523),('60',58,255),('25',58,19),('20',58,20),('25',58,20),('78',63,534),('80',65,548),('71',66,549),('55',67,551),('15',67,552),('21',67,552),('10',67,553),('15',67,554),('21',67,554),('71',69,558),('74',69,562),('73',69,563),('71',69,51),('12',69,565),('72',69,566),('45',72,575),('47',72,576),('46',72,580),('62',72,581),('44',72,582),('91',72,60),('56',78,598),('95',81,604),('30',82,606),('70',82,559),('40',82,550),('60',82,607),('73',82,608),('71',82,609),('10',82,610),('25',82,590),('20',82,555),('90',82,60),('25',83,611),('30',83,612),('40',83,613),('10',83,567),('60',83,616),('65',83,605),('20',83,590),('25',83,590),('26',83,590),('20',83,555),('56',88,557),('60',88,557),('85',88,557),('20',88,555),('25',88,555),('56',91,646),('77',92,648),('20',94,555),('30',96,606),('70',96,656),('60',96,657),('80',96,657),('85',96,657),('60',96,658),('85',96,658),('10',96,567),('76',96,659),('79',96,661),('56',96,662),('60',96,662),('56',96,663),('60',96,663),('65',96,654),('85',96,654),('25',96,569),('26',96,569),('65',96,569),('65',96,605),('20',96,555),('25',96,555),('26',96,555),('60',97,664),('60',97,665),('40',97,550),('60',97,556),('10',97,668),('10',97,670),('20',97,672),('10',97,673),('25',97,675),('25',97,676),('25',97,590),('20',101,555),('80',102,684),('60',102,690),('10',102,691),('40',102,693),('25',102,569),('20',102,555),('40',103,550),('79',103,703),('25',103,590),('56',107,557),('95',107,720),('60',107,721),('60',107,556),('77',107,722),('60',107,571),('65',107,723),('60',107,678),('79',107,725),('56',108,728),('60',108,728),('76',108,729),('85',108,729),('77',108,730),('79',108,627),('60',110,734),('40',110,614),('60',110,736),('85',110,618),('65',110,605),('60',111,740),('60',111,638),('85',114,657),('60',114,638),('60',114,750),('90',114,754),('85',115,696),('56',116,756),('60',116,756),('79',116,756),('10',116,758),('80',116,758),('85',116,758),('56',116,583),('95',116,604),('35',116,760),('85',116,716),('85',116,729),('60',116,761),('60',116,616),('65',116,763),('85',116,696),('65',116,654),('25',116,569),('90',116,764),('78',116,765),('90',116,766),('60',117,638),('79',118,770),('80',118,771),('65',118,772);
/*!40000 ALTER TABLE `112技優` ENABLE KEYS */;
UNLOCK TABLES;

--
-- Table structure for table `112甄選`
--

DROP TABLE IF EXISTS `112甄選`;
/*!40101 SET @saved_cs_client     = @@character_set_client */;
/*!40101 SET character_set_client = utf8 */;
CREATE TABLE `112甄選` (
  `類群ID` char(2) NOT NULL,
  `分校ID` smallint(6) NOT NULL,
  `科系ID` int(11) NOT NULL,
  KEY `類群ID` (`類群ID`),
  KEY `分校ID` (`分校ID`),
  KEY `科系ID` (`科系ID`),
  CONSTRAINT `112甄選_ibfk_1` FOREIGN KEY (`類群ID`) REFERENCES `甄選` (`類群ID`),
  CONSTRAINT `112甄選_ibfk_2` FOREIGN KEY (`分校ID`) REFERENCES `分校` (`分校ID`),
  CONSTRAINT `112甄選_ibfk_3` FOREIGN KEY (`科系ID`) REFERENCES `科系` (`科系ID`)
) ENGINE=InnoDB DEFAULT CHARSET=utf8mb4;
/*!40101 SET character_set_client = @saved_cs_client */;

--
-- Dumping data for table `112甄選`
--

LOCK TABLES `112甄選` WRITE;
/*!40000 ALTER TABLE `112甄選` DISABLE KEYS */;
INSERT INTO `112甄選` VALUES ('09',1,2),('05',1,5),('06',1,8),('07',1,8),('15',1,9),('01',1,10),('03',1,10),('05',1,10),('01',1,11),('02',1,11),('06',1,13),('07',1,15),('07',1,16),('04',1,17),('04',1,17),('04',1,18),('09',1,18),('09',1,18),('04',1,19),('03',1,19),('03',1,20),('03',1,20),('09',2,2),('15',2,2),('16',2,2),('06',2,22),('07',2,22),('13',2,22),('05',2,23),('09',2,24),('01',2,25),('04',2,25),('09',2,25),('01',2,26),('07',2,26),('04',2,26),('06',2,28),('07',2,28),('06',2,29),('07',2,29),('09',2,9),('15',2,9),('21',2,9),('07',2,30),('20',2,30),('05',2,31),('07',2,31),('09',2,31),('01',2,32),('03',2,32),('04',2,32),('09',2,33),('01',2,11),('02',2,11),('01',2,13),('06',2,13),('01',2,34),('05',2,34),('04',2,34),('07',2,35),('09',2,36),('04',2,36),('03',2,17),('04',2,17),('03',2,17),('04',2,17),('21',2,18),('04',2,18),('06',2,37),('07',2,37),('03',2,19),('04',2,19),('03',2,20),('04',2,20),('09',3,2),('09',3,38),('17',3,38),('21',3,38),('14',3,39),('06',3,40),('09',3,6),('12',3,41),('15',3,9),('16',3,9),('17',3,9),('07',3,42),('09',3,42),('13',3,42),('01',3,43),('03',3,43),('14',3,43),('06',3,44),('07',3,44),('14',3,44),('01',3,45),('03',3,45),('05',3,45),('14',3,46),('09',3,47),('10',3,47),('14',3,47),('01',3,11),('02',3,11),('06',3,48),('14',3,48),('10',3,49),('14',3,49),('19',3,49),('14',3,50),('14',3,51),('05',3,52),('08',3,52),('10',3,52),('01',3,53),('02',3,53),('03',3,53),('05',3,54),('11',3,54),('14',3,54),('09',3,55),('10',3,55),('12',3,55),('09',3,56),('04',3,18),('21',3,18),('04',3,18),('21',3,18),('02',3,57),('11',3,58),('14',3,58),('09',3,58),('14',3,59),('11',3,60),('11',3,61),('13',3,61),('17',3,61),('04',4,62),('07',4,63),('04',4,64),('05',4,65),('05',4,67),('06',4,40),('01',4,25),('09',4,25),('07',4,68),('07',4,69),('06',4,8),('07',4,8),('15',4,71),('13',4,72),('15',4,72),('20',4,72),('01',4,73),('05',4,73),('08',4,73),('01',4,74),('05',4,74),('06',4,74),('01',4,11),('09',4,77),('01',4,78),('03',4,78),('04',4,78),('03',4,17),('04',4,17),('04',4,17),('04',4,79),('09',4,79),('04',4,79),('02',4,57),('04',4,19),('03',4,20),('04',4,20),('09',5,2),('15',5,2),('07',5,125),('09',5,125),('14',5,125),('03',5,64),('04',5,64),('01',5,126),('02',5,126),('03',5,126),('04',5,127),('07',5,127),('01',5,6),('08',5,6),('09',5,6),('09',5,9),('15',5,9),('01',5,10),('04',5,10),('05',5,10),('01',5,128),('02',5,128),('01',5,129),('05',5,54),('10',5,54),('11',5,54),('01',5,130),('04',5,130),('05',5,130),('01',5,131),('03',5,131),('09',5,36),('04',5,36),('15',5,36),('03',5,17),('04',5,17),('09',5,17),('03',5,17),('04',5,17),('09',5,17),('04',5,18),('09',5,18),('02',5,57),('14',5,132),('03',5,133),('04',5,133),('03',5,19),('04',5,19),('03',5,20),('01',5,134),('01',5,134),('02',5,134),('03',5,135),('04',5,135),('09',6,9),('15',6,9),('17',6,9),('14',6,49),('19',6,49),('04',6,136),('09',6,136),('17',6,136),('09',6,108),('15',6,108),('09',6,137),('15',6,137),('17',6,137),('09',6,138),('14',6,138),('17',6,138),('02',6,17),('04',6,17),('04',6,18),('09',6,18),('02',6,139),('03',6,139),('04',6,139),('03',6,20),('04',6,20),('11',6,60),('09',6,61),('11',6,61),('17',6,61),('03',7,140),('04',7,140),('21',7,140),('09',7,2),('09',7,141),('04',7,141),('10',7,141),('01',7,143),('03',7,143),('01',7,144),('03',7,144),('05',7,145),('06',7,145),('14',7,145),('01',7,25),('04',7,25),('09',7,25),('09',7,88),('15',7,88),('07',7,146),('09',7,146),('15',7,146),('06',7,147),('07',7,147),('14',7,147),('01',7,148),('02',7,148),('03',7,148),('01',7,11),('09',7,149),('21',7,149),('03',7,17),('04',7,17),('21',7,17),('04',7,18),('09',7,18),('21',7,18),('04',7,18),('21',7,18),('03',7,150),('04',7,150),('03',7,151),('04',7,151),('03',7,152),('04',7,152),('03',7,20),('04',7,20),('17',8,161),('09',8,162),('17',8,162),('15',8,162),('17',8,163),('17',8,164),('16',8,87),('17',8,87),('15',8,88),('17',8,88),('17',8,165),('17',8,166),('11',8,167),('17',8,167),('17',8,168),('17',8,169),('09',8,170),('17',8,170),('15',8,170),('17',8,171),('04',9,172),('03',9,172),('21',9,172),('09',9,2),('15',9,2),('09',9,173),('17',9,173),('09',9,174),('15',9,174),('07',9,175),('20',9,175),('09',9,176),('15',9,176),('04',9,127),('21',9,127),('07',9,127),('07',9,177),('06',9,177),('09',9,178),('15',9,178),('07',9,178),('16',9,87),('09',9,87),('21',9,179),('15',9,88),('09',9,88),('02',9,181),('04',9,181),('09',9,181),('09',9,93),('09',9,149),('13',9,182),('09',9,183),('10',9,183),('12',9,183),('10',9,158),('12',9,158),('09',9,36),('09',9,112),('21',9,17),('04',9,17),('09',9,17),('04',9,17),('21',9,17),('21',9,18),('08',9,18),('04',10,184),('07',10,184),('01',10,184),('07',10,185),('09',10,185),('07',10,186),('09',10,186),('09',11,2),('09',11,187),('15',11,187),('15',11,9),('09',11,93),('09',11,36),('09',11,112),('21',11,18),('04',11,18),('21',11,18),('09',12,2),('09',12,188),('15',12,188),('17',12,188),('09',12,174),('07',12,189),('09',12,189),('20',12,189),('01',12,25),('08',12,25),('09',12,25),('01',12,26),('04',12,26),('07',12,26),('09',12,41),('12',12,41),('13',12,41),('07',12,190),('06',12,191),('07',12,191),('05',12,192),('15',12,88),('07',12,193),('14',12,193),('09',12,33),('15',12,33),('01',12,13),('06',12,13),('01',12,194),('03',12,194),('09',12,194),('09',12,55),('12',12,55),('17',12,55),('01',12,195),('02',12,195),('09',12,196),('15',12,196),('17',12,196),('09',12,109),('15',12,109),('17',12,109),('07',12,35),('09',12,36),('01',12,197),('04',12,197),('09',12,197),('03',12,198),('04',12,198),('04',12,198),('07',12,199),('21',12,199),('04',12,200),('09',12,200),('21',12,200),('04',12,200),('03',12,201),('04',12,201),('04',12,201),('09',12,202),('12',12,202),('01',12,203),('03',12,203),('09',12,203),('09',13,2),('15',13,2),('09',13,188),('15',13,188),('17',13,188),('07',13,204),('05',13,23),('03',13,205),('04',13,205),('09',13,84),('15',13,84),('16',13,84),('04',13,206),('07',13,206),('04',13,206),('07',13,206),('01',13,207),('08',13,207),('09',13,207),('04',13,208),('08',13,208),('09',13,208),('09',13,41),('12',13,41),('09',13,87),('16',13,87),('17',13,87),('09',13,88),('15',13,88),('01',13,209),('02',13,209),('01',13,97),('01',13,210),('02',13,210),('07',13,211),('09',13,211),('20',13,211),('11',13,212),('14',13,212),('09',13,109),('15',13,109),('07',13,213),('07',13,214),('07',13,215),('09',13,36),('15',13,36),('07',13,216),('09',13,216),('20',13,216),('04',13,17),('09',13,17),('04',13,18),('09',13,18),('03',13,19),('04',13,19),('03',13,217),('04',13,217),('03',13,218),('04',13,218),('03',13,219),('17',13,61),('09',13,220),('10',13,220),('12',13,220),('09',14,2),('07',14,2),('17',14,2),('17',14,221),('07',14,221),('01',14,222),('06',14,222),('05',14,222),('07',14,223),('09',14,223),('20',14,223),('12',14,41),('07',14,41),('15',14,41),('04',14,224),('09',14,224),('06',14,225),('09',14,225),('07',14,225),('17',14,226),('09',14,226),('15',14,226),('07',14,227),('13',14,227),('20',14,227),('01',14,228),('03',14,228),('04',14,228),('09',14,229),('12',14,229),('17',14,229),('01',14,11),('02',14,11),('18',14,11),('01',14,230),('02',14,231),('03',14,232),('01',14,232),('10',14,232),('01',14,233),('03',14,233),('04',14,233),('06',14,234),('07',14,234),('07',14,35),('07',14,235),('20',14,235),('04',14,216),('09',14,216),('07',14,216),('04',14,216),('04',14,17),('09',14,17),('03',14,17),('04',14,17),('04',14,18),('09',14,18),('07',14,18),('04',14,18),('09',14,236),('15',14,236),('17',14,236),('04',14,19),('03',14,19),('01',14,19),('03',14,20),('04',14,20),('02',14,20),('09',14,237),('04',14,237),('07',14,237),('17',14,238),('09',15,239),('13',15,239),('17',15,239),('10',15,240),('11',15,240),('14',15,240),('02',15,241),('03',15,241),('06',15,241),('05',15,242),('13',15,242),('14',15,242),('04',15,243),('07',15,243),('09',15,243),('04',15,243),('09',15,155),('12',15,155),('15',15,155),('15',15,244),('16',15,244),('17',15,244),('15',15,245),('16',15,245),('17',15,245),('01',15,246),('02',15,246),('03',15,246),('04',15,247),('05',15,247),('10',15,247),('01',15,248),('04',15,248),('14',15,248),('13',15,249),('17',15,249),('09',15,55),('12',15,55),('17',15,55),('01',15,250),('02',15,250),('06',15,250),('10',15,251),('09',15,252),('14',15,252),('17',15,252),('09',15,253),('17',15,253),('04',15,18),('09',15,18),('17',15,18),('04',15,18),('09',15,254),('17',15,254),('09',15,255),('10',15,255),('17',15,255),('11',15,256),('17',15,256),('05',15,257),('10',15,257),('11',15,257),('11',15,61),('17',15,61),('09',15,258),('13',15,258),('17',15,258),('09',16,2),('17',16,2),('09',16,259),('13',16,259),('17',16,259),('12',16,260),('13',16,260),('17',16,260),('04',16,261),('07',16,261),('09',16,261),('06',16,177),('07',16,177),('13',16,177),('09',16,9),('15',16,9),('17',16,9),('07',16,262),('09',16,262),('17',16,262),('07',16,263),('13',16,263),('01',16,149),('09',16,149),('17',16,149),('01',16,264),('07',16,264),('13',16,264),('09',16,55),('12',16,55),('17',16,55),('13',16,265),('07',16,266),('13',16,266),('20',16,266),('07',16,267),('09',16,267),('17',16,267),('07',16,35),('09',16,35),('13',16,35),('03',16,17),('04',16,17),('09',16,17),('03',16,17),('04',16,17),('09',16,17),('04',16,18),('09',16,18),('04',16,18),('09',16,18),('09',16,236),('17',16,236),('04',16,269),('07',16,269),('09',16,269),('03',16,270),('04',16,270),('02',16,270),('03',16,270),('04',16,270),('11',16,271),('13',16,271),('17',16,271),('09',17,2),('17',17,2),('01',17,82),('03',17,82),('04',17,82),('04',17,272),('07',17,272),('09',17,272),('01',17,6),('08',17,6),('09',17,6),('09',17,9),('15',17,9),('17',17,9),('09',17,273),('15',17,273),('07',17,274),('09',17,274),('13',17,274),('01',17,11),('02',17,11),('17',17,138),('09',17,36),('15',17,36),('04',17,18),('21',17,18),('21',17,18),('01',17,275),('03',17,275),('04',17,275),('04',17,275),('03',17,19),('04',17,19),('02',17,20),('03',17,20),('04',17,20),('09',18,276),('13',18,276),('17',18,276),('10',18,240),('11',18,240),('17',18,240),('09',18,154),('10',18,154),('17',18,154),('07',18,277),('13',18,277),('17',18,277),('09',18,278),('12',18,278),('17',18,278),('03',18,279),('05',18,279),('17',18,279),('09',18,9),('15',18,9),('17',18,9),('04',18,280),('10',18,280),('15',18,280),('01',18,52),('03',18,52),('04',18,52),('05',18,54),('14',18,54),('19',18,54),('02',18,250),('03',18,250),('04',18,250),('10',18,158),('03',18,281),('04',18,281),('09',18,281),('10',18,282),('12',18,282),('17',18,282),('09',19,2),('15',19,2),('17',19,2),('09',19,188),('14',19,188),('17',19,188),('01',19,283),('03',19,283),('04',19,283),('09',19,284),('15',19,284),('16',19,284),('04',19,285),('06',19,285),('14',19,285),('04',19,243),('07',19,243),('09',19,243),('01',19,25),('04',19,25),('09',19,25),('12',19,41),('01',19,286),('04',19,286),('05',19,286),('09',19,287),('15',19,287),('17',19,287),('07',19,288),('13',19,288),('09',19,289),('12',19,289),('17',19,289),('01',19,11),('02',19,11),('04',19,11),('09',19,109),('16',19,109),('17',19,109),('07',19,290),('09',19,290),('15',19,290),('04',19,291),('09',19,291),('01',19,17),('04',19,17),('09',19,17),('04',19,18),('09',19,18),('09',19,292),('17',19,292),('20',19,292),('02',19,19),('03',19,19),('04',19,19),('02',19,20),('03',19,20),('04',19,20),('01',19,293),('03',19,293),('06',19,293),('09',20,154),('17',20,154),('10',20,154),('13',20,294),('09',20,294),('14',20,294),('13',20,295),('15',20,296),('09',20,296),('17',20,296),('20',20,297),('09',20,297),('07',20,297),('04',20,297),('12',20,41),('15',20,41),('09',20,298),('07',20,298),('06',20,298),('04',20,299),('01',20,299),('09',20,299),('10',20,300),('11',20,300),('17',20,300),('10',20,280),('15',20,280),('01',20,301),('04',20,301),('02',20,301),('01',20,302),('03',20,302),('04',20,302),('01',20,303),('06',20,303),('04',20,303),('13',20,304),('09',20,305),('12',20,305),('13',20,305),('15',20,157),('10',20,157),('10',20,158),('09',20,158),('12',20,158),('17',20,306),('01',20,307),('03',20,307),('04',20,307),('11',20,308),('17',20,308),('11',20,309),('17',20,61),('15',20,61),('09',21,2),('15',21,2),('17',21,2),('09',21,310),('12',21,310),('13',21,310),('09',21,311),('15',21,311),('17',21,311),('09',21,312),('15',21,312),('17',21,312),('02',21,40),('04',21,40),('06',21,40),('06',21,313),('07',21,313),('09',21,313),('02',21,6),('03',21,6),('08',21,6),('09',21,314),('16',21,314),('17',21,314),('09',21,315),('15',21,315),('17',21,315),('04',21,316),('06',21,316),('04',21,186),('07',21,186),('09',21,186),('01',21,11),('02',21,11),('03',21,11),('09',21,109),('15',21,109),('17',21,109),('03',21,317),('09',21,317),('17',21,317),('02',21,318),('04',21,318),('09',21,318),('09',21,319),('13',21,319),('17',21,319),('04',21,17),('09',21,17),('04',21,18),('09',21,18),('17',21,18),('01',21,57),('02',21,57),('03',21,19),('04',21,19),('01',21,20),('03',21,20),('04',21,20),('17',21,61),('09',21,320),('16',21,320),('17',21,320),('09',22,2),('17',22,2),('17',22,321),('07',22,322),('13',22,322),('17',22,322),('06',22,323),('01',22,25),('09',22,324),('12',22,324),('17',22,324),('12',22,325),('17',22,325),('06',22,326),('07',22,326),('06',22,327),('07',22,327),('09',22,9),('15',22,9),('17',22,9),('04',22,186),('07',22,186),('09',22,186),('01',22,328),('02',22,328),('01',22,329),('02',22,329),('07',22,35),('13',22,35),('09',22,330),('15',22,330),('17',22,330),('04',22,17),('04',22,17),('02',22,18),('04',22,18),('09',22,18),('04',22,18),('04',22,236),('09',22,236),('17',22,236),('02',22,19),('03',22,19),('04',22,19),('04',22,19),('02',22,20),('03',22,20),('04',22,20),('03',22,20),('04',22,20),('04',22,331),('09',22,331),('17',22,171),('02',23,2),('09',23,2),('17',23,2),('09',23,332),('17',23,332),('12',23,333),('13',23,333),('17',23,333),('07',23,175),('09',23,175),('13',23,175),('01',23,334),('06',23,334),('07',23,334),('09',23,166),('15',23,166),('17',23,166),('13',23,335),('17',23,335),('20',23,335),('13',23,336),('17',23,336),('20',23,336),('01',23,337),('02',23,337),('01',23,338),('02',23,338),('03',23,338),('09',23,168),('15',23,168),('17',23,168),('02',23,109),('09',23,109),('17',23,109),('09',23,339),('15',23,339),('09',23,340),('15',23,340),('17',23,340),('04',23,341),('07',23,341),('09',23,341),('03',23,342),('04',23,342),('04',23,18),('09',23,18),('02',23,57),('03',23,20),('04',23,20),('17',23,171),('01',24,343),('04',24,343),('07',24,343),('09',24,344),('16',24,344),('17',24,344),('06',24,40),('07',24,40),('14',24,40),('15',24,9),('16',24,9),('17',24,9),('01',24,11),('02',24,11),('01',24,209),('02',24,209),('07',24,182),('13',24,182),('17',24,182),('02',24,345),('09',24,345),('17',24,345),('07',24,215),('09',24,215),('20',24,215),('04',24,346),('07',24,346),('09',24,346),('09',24,347),('14',24,347),('17',24,347),('01',24,348),('04',24,348),('17',24,348),('03',24,19),('04',24,19),('01',24,20),('03',24,20),('04',24,20),('05',25,5),('01',25,349),('04',25,349),('05',25,349),('04',25,349),('01',25,350),('04',25,350),('04',25,350),('01',25,25),('04',25,25),('09',25,25),('01',25,26),('07',25,26),('07',25,351),('09',25,351),('01',25,45),('03',25,45),('04',25,45),('01',25,352),('01',25,353),('02',25,354),('01',25,34),('04',25,34),('09',25,34),('09',25,77),('07',25,77),('15',25,77),('07',25,35),('04',25,19),('03',25,20),('04',25,20),('09',26,355),('14',26,355),('17',26,355),('07',26,127),('09',26,127),('20',26,127),('13',26,356),('14',26,356),('17',26,356),('01',26,357),('02',26,357),('03',26,357),('02',26,358),('03',26,358),('14',26,358),('09',26,359),('11',26,359),('13',26,359),('09',26,55),('12',26,55),('17',26,55),('10',26,361),('09',26,362),('16',26,362),('17',26,362),('09',26,158),('10',26,158),('13',26,158),('17',26,61),('07',27,127),('12',27,363),('13',27,363),('03',27,20),('04',27,20),('09',28,2),('17',28,2),('01',28,364),('07',28,364),('09',28,84),('15',28,84),('16',28,84),('09',28,41),('12',28,41),('13',28,41),('09',28,365),('16',28,365),('17',28,365),('09',28,366),('15',28,366),('17',28,366),('07',28,30),('09',28,30),('20',28,30),('07',28,367),('09',28,367),('13',28,367),('09',28,93),('17',28,93),('07',28,368),('13',28,368),('07',28,263),('13',28,263),('09',28,109),('17',28,109),('07',28,35),('09',28,35),('09',28,369),('15',28,369),('17',28,369),('04',28,36),('09',28,36),('17',28,36),('03',28,370),('04',28,370),('09',28,370),('01',28,371),('02',28,371),('03',28,371),('01',28,372),('04',28,372),('09',28,372),('02',28,373),('04',28,373),('09',28,373),('07',28,374),('09',28,374),('04',28,375),('09',28,375),('07',29,177),('06',29,177),('07',29,376),('20',29,376),('09',29,376),('07',29,186),('04',29,186),('09',29,186),('16',29,109),('09',29,109),('07',29,109),('07',29,35),('09',29,35),('20',29,35),('09',29,340),('17',29,340),('07',29,340),('09',29,17),('04',29,17),('03',29,17),('09',30,2),('15',30,2),('15',30,377),('17',30,377),('09',30,187),('15',30,187),('16',30,187),('06',30,378),('01',30,378),('07',30,177),('06',30,8),('07',30,8),('07',30,376),('20',30,376),('09',30,376),('15',30,88),('09',30,88),('17',30,88),('07',30,186),('04',30,186),('09',30,186),('09',30,379),('15',30,379),('16',30,109),('09',30,109),('07',30,109),('07',30,35),('09',30,340),('17',30,340),('07',30,340),('09',30,36),('01',30,17),('04',30,17),('03',30,17),('04',30,17),('07',30,18),('04',30,18),('09',30,18),('04',30,18),('04',31,380),('01',31,380),('03',31,380),('12',31,381),('15',31,381),('09',31,381),('01',31,382),('10',31,382),('07',31,382),('05',31,34),('01',31,34),('06',31,34),('09',31,77),('17',31,77),('15',31,77),('10',31,383),('17',31,383),('12',31,383),('09',31,267),('17',31,267),('07',31,267),('14',31,384),('10',31,384),('09',31,384),('12',31,158),('10',31,158),('17',31,158),('09',31,18),('04',31,18),('03',31,18),('01',31,385),('04',31,385),('10',31,385),('14',31,386),('05',31,386),('10',31,386),('17',31,387),('07',31,387),('09',31,387),('11',31,256),('17',31,256),('14',31,256),('09',32,2),('17',32,2),('07',32,388),('09',32,388),('07',32,389),('09',32,390),('15',32,390),('17',32,390),('07',32,391),('07',32,177),('12',32,41),('15',32,88),('17',32,88),('15',32,166),('17',32,166),('07',32,392),('13',32,392),('07',32,393),('13',32,393),('07',32,395),('07',32,396),('13',32,396),('13',32,397),('07',32,35),('04',32,36),('09',32,36),('17',32,36),('04',32,18),('07',32,18),('09',32,18),('04',32,399),('07',32,399),('09',32,399),('17',32,400),('17',32,401),('11',32,402),('17',32,402),('09',33,355),('14',33,355),('17',33,355),('01',33,142),('03',33,142),('04',33,142),('07',33,403),('09',33,403),('17',33,403),('01',33,11),('02',33,11),('07',33,404),('09',33,404),('20',33,404),('07',33,405),('09',33,405),('20',33,405),('09',33,109),('13',33,109),('17',33,109),('03',33,20),('04',33,20),('01',33,406),('02',33,406),('04',33,406),('17',33,171),('17',33,407),('17',33,408),('09',34,2),('15',34,2),('17',34,2),('17',34,409),('13',34,409),('10',34,409),('17',34,410),('12',34,410),('09',34,410),('10',34,411),('13',34,411),('14',34,411),('15',34,412),('16',34,412),('17',34,412),('01',34,413),('02',34,413),('04',34,413),('01',34,414),('10',34,414),('14',34,414),('01',34,415),('03',34,415),('04',34,415),('04',34,384),('09',34,384),('10',34,384),('10',34,158),('12',34,158),('13',34,158),('09',34,18),('04',34,18),('03',34,18),('12',34,416),('13',34,416),('17',34,416),('04',34,417),('09',34,417),('10',34,417),('03',34,418),('04',34,418),('10',34,418),('10',34,386),('13',34,386),('14',34,386),('11',34,60),('10',34,60),('17',34,60),('09',34,171),('13',34,171),('17',34,171),('09',34,419),('12',34,419),('13',34,419),('09',35,2),('16',35,2),('17',35,2),('16',35,420),('17',35,420),('15',35,421),('17',35,421),('17',35,422),('17',35,423),('17',35,166),('09',35,424),('16',35,424),('17',35,424),('04',35,425),('07',35,425),('09',35,425),('07',35,109),('09',35,109),('17',35,109),('07',35,426),('07',35,427),('20',35,427),('04',35,36),('09',35,36),('16',35,36),('01',35,201),('03',35,201),('04',35,201),('17',35,407),('17',35,428),('17',35,429),('13',36,430),('14',36,430),('17',36,430),('01',36,34),('02',36,34),('06',36,34),('05',36,431),('10',36,431),('14',36,431),('01',36,384),('10',36,384),('17',36,384),('09',36,432),('10',36,432),('15',36,432),('10',36,158),('13',36,158),('14',36,158),('09',36,348),('14',36,348),('17',36,348),('05',36,386),('10',36,386),('14',36,386),('11',36,433),('13',36,433),('17',36,433),('07',36,61),('11',36,61),('17',36,61),('09',37,188),('17',37,188),('16',37,188),('07',37,177),('06',37,177),('09',37,88),('15',37,88),('17',37,88),('07',37,30),('09',37,30),('20',37,30),('01',37,11),('02',37,11),('02',37,354),('01',37,354),('20',37,268),('12',37,268),('07',37,268),('03',37,20),('17',37,61),('11',37,61),('13',37,61),('09',38,2),('15',38,2),('17',38,2),('09',38,437),('13',38,437),('15',38,437),('09',38,438),('15',38,438),('07',38,127),('09',38,127),('20',38,127),('09',38,9),('15',38,9),('17',38,9),('09',38,420),('16',38,420),('17',38,420),('04',38,93),('09',38,93),('15',38,93),('09',38,149),('15',38,149),('17',38,149),('09',38,439),('15',38,439),('17',38,439),('09',38,267),('15',38,267),('17',38,267),('09',38,440),('15',38,440),('17',38,440),('04',38,36),('09',38,36),('15',38,36),('09',38,441),('15',38,441),('16',38,441),('04',38,442),('09',38,442),('15',38,442),('09',38,112),('15',38,112),('17',38,112),('03',38,443),('04',38,443),('09',38,443),('04',38,18),('07',38,18),('09',38,18),('09',38,444),('15',38,444),('16',38,444),('09',39,188),('14',39,188),('17',39,188),('01',39,131),('02',39,131),('03',39,131),('09',39,109),('15',39,109),('17',39,109),('01',39,57),('02',39,57),('10',39,445),('13',39,445),('17',39,445),('03',39,446),('04',39,446),('17',39,171),('09',40,447),('12',40,447),('17',40,447),('06',40,8),('07',40,8),('01',40,8),('07',40,190),('09',40,190),('17',40,190),('01',40,11),('02',40,11),('02',40,448),('01',40,448),('13',40,449),('10',40,449),('17',40,449),('10',40,450),('14',40,450),('15',40,450),('09',40,109),('15',40,109),('16',40,109),('03',40,451),('04',40,451),('01',40,451),('17',40,61),('09',40,61),('13',40,61),('09',41,452),('17',41,452),('15',41,452),('01',41,195),('02',41,195),('03',41,195),('04',41,453),('03',41,453),('01',41,453),('09',42,2),('17',42,2),('09',42,454),('16',42,454),('09',42,455),('15',42,455),('04',42,456),('07',42,456),('09',42,456),('09',42,9),('15',42,9),('17',42,9),('17',42,457),('01',42,128),('02',42,128),('07',42,458),('13',42,458),('17',42,458),('09',42,109),('17',42,109),('17',42,340),('09',42,36),('17',42,36),('21',42,36),('09',42,459),('17',42,459),('04',42,443),('09',42,443),('17',42,171),('02',43,355),('04',43,355),('17',43,355),('12',43,41),('13',43,41),('17',43,41),('07',43,460),('09',43,460),('13',43,460),('01',43,461),('02',43,461),('03',43,461),('02',43,462),('03',43,462),('04',43,462),('12',43,55),('16',43,55),('17',43,55),('14',43,463),('15',43,463),('17',43,463),('17',43,464),('09',44,2),('14',44,2),('17',44,2),('12',44,55),('10',44,55),('13',44,55),('09',44,465),('13',44,465),('17',44,465),('13',44,466),('14',44,466),('17',44,466),('09',44,347),('16',44,347),('17',44,347),('10',44,158),('12',44,158),('17',44,158),('03',44,443),('04',44,443),('09',44,443),('13',44,467),('09',44,467),('17',44,467),('11',44,433),('17',44,433),('05',44,433),('17',44,61),('13',44,61),('11',44,61),('09',45,221),('17',45,221),('09',45,41),('12',45,41),('15',45,41),('04',45,468),('09',45,468),('20',45,468),('07',45,469),('13',45,469),('17',45,469),('01',45,11),('02',45,11),('04',45,11),('01',45,470),('03',45,470),('06',45,470),('09',45,463),('14',45,463),('17',45,463),('02',45,471),('03',45,471),('09',45,471),('02',45,20),('03',45,20),('04',45,20),('11',45,61),('17',45,61),('09',46,472),('15',46,472),('17',46,472),('09',46,473),('13',46,473),('17',46,473),('01',46,25),('02',46,25),('09',46,25),('09',46,87),('16',46,87),('17',46,87),('07',46,30),('09',46,30),('01',46,11),('02',46,11),('01',46,231),('02',46,231),('07',46,109),('09',46,109),('17',46,109),('09',46,474),('13',46,474),('17',46,474),('04',46,18),('07',46,18),('17',46,18),('03',46,19),('04',46,19),('03',46,20),('04',46,20),('10',47,158),('15',47,158),('09',47,158),('11',48,240),('17',48,240),('14',48,240),('13',48,295),('14',48,295),('12',48,41),('13',48,41),('10',48,158),('09',48,158),('15',48,158),('03',49,172),('04',49,172),('09',49,172),('01',49,475),('02',49,475),('03',49,475),('01',49,476),('02',49,476),('03',49,476),('17',49,171),('13',49,171),('11',49,171),('09',50,2),('16',50,2),('17',50,2),('12',50,477),('17',50,477),('20',50,477),('09',50,9),('15',50,9),('16',50,9),('07',50,186),('09',50,186),('20',50,186),('16',50,478),('17',50,478),('07',50,479),('13',50,479),('16',50,479),('01',50,11),('02',50,11),('02',50,354),('17',50,482),('09',50,109),('16',50,109),('17',50,109),('15',50,362),('16',50,362),('17',50,362),('03',50,17),('04',50,17),('09',50,17),('01',50,20),('03',50,20),('04',50,20),('03',50,118),('04',50,118),('09',50,118),('17',50,483),('09',51,2),('17',51,2),('04',51,2),('07',51,175),('01',51,175),('09',51,175),('09',51,187),('15',51,187),('16',51,187),('15',51,88),('17',51,88),('12',51,88),('07',51,484),('20',51,484),('13',51,484),('07',51,485),('09',51,485),('20',51,485),('17',51,165),('09',51,165),('16',51,165),('09',51,486),('13',51,486),('07',51,486),('13',51,487),('07',51,487),('17',51,487),('09',51,109),('17',51,109),('13',51,109),('20',51,268),('09',51,268),('17',51,268),('17',51,138),('14',51,138),('16',51,138),('04',51,489),('03',51,489),('09',51,489),('17',51,61),('11',51,61),('07',52,189),('15',52,189),('20',52,189),('15',52,490),('09',52,344),('15',52,344),('12',52,491),('15',52,491),('09',52,492),('15',52,492),('09',52,493),('15',52,493),('16',52,493),('07',52,494),('09',52,494),('15',52,495),('16',52,495),('09',52,496),('15',52,496),('15',52,497),('17',52,497),('09',52,498),('15',52,498),('09',52,499),('15',52,499),('09',52,500),('15',52,500),('09',53,77),('14',53,77),('17',53,77),('09',53,158),('10',53,158),('15',53,158),('01',53,281),('04',53,281),('09',53,281),('09',53,501),('17',53,501),('01',53,385),('03',53,385),('04',53,385),('09',54,2),('15',54,2),('17',54,2),('09',54,502),('15',54,502),('17',54,502),('04',54,503),('09',54,503),('15',54,503),('09',54,438),('15',54,438),('07',54,127),('09',54,87),('16',54,87),('17',54,87),('09',54,88),('15',54,88),('17',54,88),('09',54,93),('09',54,109),('15',54,109),('17',54,109),('04',54,36),('09',54,36),('03',54,18),('04',54,18),('21',54,18),('04',54,18),('21',54,18),('09',55,2),('17',55,2),('09',55,188),('17',55,188),('20',55,188),('01',55,364),('07',55,364),('17',55,364),('14',55,504),('17',55,504),('01',55,40),('06',55,40),('07',55,40),('06',55,177),('07',55,177),('09',55,177),('09',55,88),('15',55,88),('17',55,88),('09',55,505),('12',55,505),('17',55,505),('01',55,11),('02',55,11),('03',55,11),('03',55,17),('04',55,17),('09',55,17),('01',55,118),('03',55,118),('04',55,118),('09',55,61),('15',55,61),('17',55,61),('09',55,506),('11',55,506),('17',55,506),('03',56,508),('09',56,508),('17',56,508),('01',56,509),('04',56,509),('17',56,509),('09',56,171),('17',56,171),('21',56,171),('12',57,511),('13',57,511),('17',57,511),('09',57,512),('10',57,512),('12',57,512),('09',57,513),('13',57,513),('14',57,513),('07',57,514),('08',57,514),('20',57,514),('09',57,515),('15',57,515),('17',57,515),('09',57,516),('13',57,516),('20',57,516),('09',57,517),('15',57,517),('17',57,517),('04',57,518),('07',57,518),('21',57,518),('01',58,519),('07',58,519),('01',58,6),('04',58,6),('08',58,6),('01',58,520),('08',58,520),('07',58,521),('13',58,521),('01',58,11),('02',58,522),('09',58,109),('17',58,109),('10',58,158),('04',58,18),('07',58,18),('09',58,18),('02',58,523),('03',58,523),('04',58,523),('04',58,255),('09',58,255),('03',58,19),('04',58,19),('02',58,20),('03',58,20),('04',58,20),('09',60,2),('15',60,2),('16',60,2),('17',60,525),('04',60,525),('09',60,525),('07',60,177),('09',60,177),('06',60,177),('12',60,41),('13',60,41),('17',60,41),('01',60,11),('02',60,11),('03',60,11),('02',60,526),('01',60,526),('03',60,526),('04',60,17),('09',60,17),('02',60,17),('13',61,295),('17',61,295),('20',61,295),('07',61,507),('09',61,507),('20',61,507),('07',61,527),('12',61,527),('20',61,527),('04',61,528),('07',61,528),('09',61,528),('09',61,529),('13',61,529),('15',61,529),('07',61,368),('13',61,368),('15',61,368),('01',61,11),('02',61,11),('03',61,11),('13',61,268),('17',61,268),('20',61,268),('17',61,138),('01',61,57),('02',61,57),('03',61,57),('02',61,20),('03',61,20),('04',61,20),('17',61,171),('12',62,41),('13',62,41),('17',62,41),('07',62,530),('09',62,530),('17',62,530),('09',62,158),('10',62,158),('12',62,158),('11',62,531),('17',62,531),('09',62,532),('16',62,532),('17',62,532),('09',62,533),('12',62,533),('17',62,533),('13',63,534),('09',64,545),('01',65,546),('02',65,546),('20',65,547),('07',65,548),('14',66,549),('06',66,550),('07',67,551),('02',67,552),('03',67,552),('01',67,553),('02',67,554),('03',67,554),('03',67,555),('04',67,555),('09',68,556),('09',69,557),('14',69,559),('06',69,550),('09',69,560),('05',69,561),('14',69,563),('14',69,564),('14',69,566),('09',70,570),('09',70,571),('01',71,572),('06',71,573),('18',71,574),('19',71,574),('18',72,575),('01',72,572),('19',72,576),('07',72,577),('19',72,578),('09',72,579),('19',72,580),('09',72,581),('18',72,582),('02',72,582),('03',72,582),('11',72,60),('15',73,583),('09',73,570),('04',74,569),('14',75,559),('14',75,591),('19',75,592),('11',75,60),('07',76,593),('14',77,594),('19',77,594),('07',77,595),('20',77,595),('07',77,596),('04',77,597),('03',77,555),('09',78,599),('17',78,600),('07',79,601),('07',80,602),('21',80,602),('20',80,603),('12',81,604),('21',81,605),('14',82,559),('06',82,550),('09',82,607),('14',82,608),('14',82,609),('11',82,60),('03',83,611),('04',83,611),('06',83,614),('01',83,567),('01',83,615),('05',83,615),('10',83,615),('09',83,616),('21',83,605),('03',83,590),('04',83,590),('03',83,555),('04',83,555),('07',84,617),('07',85,618),('04',85,569),('07',86,619),('09',87,621),('17',87,621),('07',87,621),('07',88,557),('09',88,557),('06',88,622),('04',88,622),('02',88,623),('15',88,624),('04',88,624),('18',88,625),('12',88,626),('09',88,627),('17',88,627),('19',88,627),('12',88,628),('04',88,569),('01',88,629),('02',88,629),('04',88,629),('14',88,630),('03',88,555),('04',88,555),('05',88,60),('14',88,60),('09',89,631),('07',89,632),('05',90,633),('08',91,643),('16',91,644),('14',91,645),('04',91,569),('03',91,555),('14',92,647),('07',92,648),('07',92,649),('16',93,650),('09',94,637),('15',94,637),('21',94,637),('09',94,556),('21',94,605),('09',94,605),('08',94,605),('16',95,651),('05',95,606),('11',95,606),('09',95,556),('15',95,652),('16',95,653),('07',95,654),('21',95,605),('03',95,655),('05',96,606),('07',96,658),('16',96,650),('13',96,659),('05',96,660),('07',96,660),('05',97,612),('09',97,664),('09',97,637),('09',97,665),('06',97,550),('15',97,583),('08',97,666),('09',97,666),('01',97,666),('06',97,667),('09',97,556),('01',97,668),('06',97,669),('09',97,570),('05',97,671),('09',97,674),('04',97,569),('07',97,677),('09',97,678),('09',98,557),('09',98,598),('07',98,657),('20',98,657),('16',98,650),('09',98,556),('09',98,679),('15',98,679),('12',98,680),('15',98,681),('09',98,661),('17',98,661),('09',98,571),('07',98,682),('08',98,682),('04',98,569),('09',98,605),('11',98,683),('07',99,684),('01',99,567),('08',99,569),('04',99,590),('03',99,555),('07',100,596),('07',100,685),('03',100,555),('03',100,555),('06',101,550),('16',101,638),('14',101,686),('07',101,687),('09',101,688),('09',102,557),('09',102,689),('14',102,689),('17',102,689),('01',102,684),('07',102,684),('12',102,684),('16',102,638),('09',102,690),('01',102,691),('02',102,691),('06',102,357),('06',102,692),('07',102,692),('06',102,693),('12',102,694),('15',102,694),('05',102,695),('11',102,695),('14',102,695),('07',102,696),('17',102,697),('09',102,571),('04',102,569),('07',102,698),('03',102,555),('04',102,555),('17',102,699),('09',103,557),('07',103,700),('05',103,612),('09',103,701),('15',103,702),('06',103,550),('20',103,657),('17',103,703),('16',103,638),('01',103,691),('17',103,704),('09',103,705),('09',103,706),('09',103,707),('17',103,699),('07',104,551),('07',104,708),('04',104,709),('16',104,650),('21',104,710),('21',104,711),('09',105,557),('09',105,598),('16',105,712),('09',105,556),('16',105,571),('16',105,678),('06',105,678),('16',106,713),('07',106,714),('07',106,715),('06',106,614),('16',106,638),('07',106,716),('06',106,716),('14',106,717),('16',106,661),('04',106,569),('16',106,718),('04',106,590),('04',106,719),('17',106,699),('16',106,699),('09',107,557),('09',107,637),('15',107,637),('12',107,720),('15',107,721),('09',107,556),('07',107,722),('13',107,722),('09',107,571),('09',107,723),('21',107,723),('09',107,678),('11',107,724),('17',107,725),('09',108,726),('17',108,726),('09',108,727),('16',108,728),('07',108,729),('13',108,729),('07',108,730),('13',108,730),('15',108,627),('09',108,627),('17',108,627),('21',109,731),('03',109,731),('04',109,731),('05',109,732),('05',109,733),('06',110,614),('17',110,735),('14',110,736),('09',110,736),('10',110,736),('09',110,737),('14',110,738),('21',110,605),('09',111,739),('09',111,557),('09',111,740),('09',111,741),('16',111,638),('09',111,690),('09',111,679),('09',111,742),('17',111,661),('17',111,743),('09',111,571),('07',111,605),('09',112,744),('20',113,734),('12',113,745),('15',113,583),('09',114,557),('14',114,748),('09',114,598),('06',114,749),('16',114,638),('09',114,690),('05',114,357),('06',114,357),('07',114,587),('15',114,750),('16',114,750),('03',114,751),('05',114,751),('09',114,581),('18',114,581),('09',114,752),('09',114,571),('09',114,753),('04',114,753),('07',114,753),('05',114,754),('20',115,657),('16',115,638),('13',115,729),('12',115,626),('07',115,696),('17',115,699),('09',116,756),('16',116,756),('17',116,756),('09',116,757),('07',116,758),('09',116,583),('15',116,583),('16',116,583),('06',116,759),('12',116,604),('09',116,760),('10',116,760),('07',116,716),('07',116,729),('13',116,729),('09',116,761),('04',116,762),('09',116,626),('12',116,626),('09',116,616),('09',116,763),('07',116,696),('07',116,654),('20',116,654),('04',116,569),('10',116,764),('14',116,764),('13',116,765),('11',116,766),('17',116,766),('17',117,689),('14',117,689),('09',117,767),('18',117,767),('16',117,638),('17',117,768),('16',117,768),('17',117,769),('13',117,769),('17',118,770),('07',118,771),('04',118,772),('21',118,772),('09',119,557),('15',119,557),('17',119,773),('15',119,721),('16',119,721),('07',119,774),('20',119,774),('06',119,775),('07',119,775),('14',119,775),('02',119,776),('14',119,776),('02',119,777),('17',119,699);
/*!40000 ALTER TABLE `112甄選` ENABLE KEYS */;
UNLOCK TABLES;

--
-- Table structure for table `分校`
--

DROP TABLE IF EXISTS `分校`;
/*!40101 SET @saved_cs_client     = @@character_set_client */;
/*!40101 SET character_set_client = utf8 */;
CREATE TABLE `分校` (
  `分校ID` smallint(6) NOT NULL AUTO_INCREMENT,
  `校區` varchar(6) NOT NULL,
  `地址` varchar(35) NOT NULL,
  `學校ID` char(3) DEFAULT NULL,
  `地區ID` tinyint(4) DEFAULT NULL,
  `縣市ID` tinyint(4) DEFAULT NULL,
  `行政區ID` smallint(6) DEFAULT NULL,
  PRIMARY KEY (`分校ID`),
  KEY `學校ID` (`學校ID`),
  KEY `地區ID` (`地區ID`),
  KEY `縣市ID` (`縣市ID`),
  KEY `行政區ID` (`行政區ID`),
  CONSTRAINT `分校_ibfk_1` FOREIGN KEY (`學校ID`) REFERENCES `學校` (`學校ID`) ON DELETE CASCADE ON UPDATE CASCADE,
  CONSTRAINT `分校_ibfk_2` FOREIGN KEY (`地區ID`) REFERENCES `地區` (`地區ID`) ON DELETE CASCADE ON UPDATE CASCADE,
  CONSTRAINT `分校_ibfk_3` FOREIGN KEY (`縣市ID`) REFERENCES `縣市` (`縣市ID`) ON DELETE CASCADE ON UPDATE CASCADE,
  CONSTRAINT `分校_ibfk_4` FOREIGN KEY (`行政區ID`) REFERENCES `鄉鎮市區` (`行政區ID`) ON DELETE CASCADE ON UPDATE CASCADE
) ENGINE=InnoDB AUTO_INCREMENT=120 DEFAULT CHARSET=utf8mb4;
/*!40101 SET character_set_client = @saved_cs_client */;

--
-- Dumping data for table `分校`
--

LOCK TABLES `分校` WRITE;
/*!40000 ALTER TABLE `分校` DISABLE KEYS */;
INSERT INTO `分校` VALUES (1,'0','106台北市大安區基隆路四段43號','101',1,1,5),(2,'0','64002雲林縣斗六市大學路三段123號','102',2,12,185),(3,'0','912屏東縣內埔鄉學府路1號','103',3,17,302),(4,'0','10608台北市大安區忠孝東路三段1號','104',1,1,5),(5,'0','632雲林縣虎尾鎮文化路64號','107',2,12,178),(6,'0','880澎湖縣馬公市六合路300號','109',3,18,324),(7,'0','411030台中市太平區中山路二段57號','110',2,9,116),(8,'0','812高雄市小港區松和路1號','112',3,16,262),(9,'0','404台中市北區三民路三段129號','113',2,9,112),(10,'桃園校區','324桃園市平鎮區福龍路一段100號','114',1,4,50),(11,'臺北校區','100台北市中正區濟南路一段321號','114',1,1,1),(12,'0','413台中市霧峰區吉峰東路168號','201',2,9,118),(13,'0','71005台南市永康區南台街1號','202',3,15,222),(14,'0','710台南市永康區崑大路195號','203',3,15,222),(15,'0','71710 臺南市仁德區二仁路一段60號','204',3,15,229),(16,'0','824高雄市燕巢區橫山路59號','205',3,16,270),(17,'0','333桃園市龜山區萬壽路一段300號','206',1,4,56),(18,'0','831高雄市大寮區進學路151號','207',3,16,277),(19,'0','304新竹縣新豐鄉新興路1號','208',1,6,67),(20,'0','433台中市沙鹿區台灣大道六段1018號','209',2,9,130),(21,'0','320桃園市中壢區健行路229號','210',1,4,49),(22,'0','833高雄市鳥松區澄清路840號','211',3,16,279),(23,'0','320676 桃園市中壢區萬能路1號','212',1,4,49),(24,'0','500020彰化縣彰化市介壽北路1號','213',2,10,137),(25,'0','243新北市泰山區工專路84號','214',1,2,34),(26,'0','907屏東縣鹽埔鄉維新路20號','216',3,17,298),(27,'0','251309 新北市淡水區淡金路四段499號','217',1,2,39),(28,'0','408213台中市南屯區嶺東路1號','218',2,9,115),(29,'新竹校區','303新竹縣湖口鄉中山路三段530號','219',1,6,66),(30,'臺北校區','116台北市文山區興隆路三段56號','219',1,1,12),(31,'0','40601台中市北屯區廍子路666號','220',2,9,113),(32,'0','710台南市永康區中正路529號','221',3,15,222),(33,'0','744台南市新市區中華路49號','222',3,15,251),(34,'0','300新竹市香山區元培街306號','223',1,5,64),(35,'0','231新北市新店區安忠路99號','224',1,2,23),(36,'0','717台南市仁德區文華一街89號','225',3,15,229),(37,'0','222新北市深坑區北深路三段152號','226',1,2,17),(38,'0','114台北市內湖區環山路一段56號','227',1,1,10),(39,'0','542南投縣草屯鎮中正路568號','228',2,11,165),(40,'台北校區','115台北市南港區研究院路三段245號','229',1,1,11),(41,'新竹校區','312新竹縣橫山鄉中華街200號','229',1,6,74),(42,'0','407台中市西屯區僑光路100號','230',2,9,114),(43,'0','361苗栗縣造橋鄉學府路168號','231',2,8,99),(44,'0','912屏東縣內埔鄉屏光路23號','232',3,17,302),(45,'0','621嘉義縣民雄鄉建國路二段117號','233',3,14,211),(46,'0','412台中市大里區工業路11號','236',2,9,117),(47,'嘉義校區','613016 嘉義縣朴子市嘉朴路西段2號','237',3,14,207),(48,'林口校區','333桃園市龜山區文化一路261號','237',1,4,56),(49,'0','307新竹縣芎林鄉大華路1號','238',1,6,70),(50,'0','112台北市北投區學園路2號','239',1,1,9),(51,'0','244新北市林口區粉寮路一段101號','240',1,2,35),(52,'0','80793高雄市三民區民族一路900號','241',3,16,260),(53,'0','970花蓮縣花蓮市建國路二段880號','244',4,19,330),(54,'0','220新北市板橋區文化路一段313號','245',1,2,15),(55,'0','236新北市土城區青雲路380巷1號','246',1,2,28),(56,'士林校區','11174台北市士林區延平北路九段212號','249',1,1,8),(57,'淡水校區','251新北市淡水區濱海路三段150號','249',1,2,39),(58,'0','220新北市板橋區四川路二段58號','250',1,2,15),(59,'0','971花蓮縣新城鄉樹人街1號','403',4,19,331),(60,'0','320桃園市中壢區中山東路三段414號','411',1,4,49),(61,'0','243新北市泰山區泰林路三段22號','415',1,2,34),(62,'0','203基隆市中山區復興路336號','417',1,3,45),(63,'0','700台南市中西區民族路二段78號','502',3,15,216),(64,'0','116台北市文山區指南路二段64號','701',1,1,12),(65,'0','300新竹市東區光復路二段101號','702',1,5,63),(66,'0','10617台北市大安區羅斯福路四段1號','703',1,1,5),(67,'0','106台北市大安區和平東路一段162號','704',1,1,5),(68,'0','701台南市東區大學路1號','705',3,15,217),(69,'0','402台中市南區興大路145號','706',2,9,110),(70,'0','320桃園市中壢區中大路300號','708',1,4,49),(71,'0','804高雄市鼓山區蓮海路70號','709',3,16,257),(72,'0','202基隆市中正區北寧路2號','710',1,3,44),(73,'0','62102嘉義縣民雄鄉大學路一段168號','711',3,14,211),(74,'0','237新北市三峽區大學路151號','715',1,2,29),(75,'0','600嘉義市東區學府路300號','716',3,13,196),(76,'0','811高雄市楠梓區高雄大學路700號','717',3,16,261),(77,'0','974花蓮縣壽豐鄉大學路二段1號','718',4,19,334),(78,'0','545301南投縣埔里鎮大學路1號','719',2,11,167),(79,'0','112台北市北投區學園路1號','720',1,1,9),(80,'0','220新北市板橋區大觀路一段59號','721',1,2,15),(81,'0','950309 臺東市大學路二段369號','722',4,20,343),(82,'0','260宜蘭縣宜蘭市神農路一段1號','723',1,7,78),(83,'0','36003苗栗縣苗栗市聯大1號','724',2,8,98),(84,'0','72045台南市官田區大崎66號','725',3,15,232),(85,'0','70005台南市中西區樹林街二段33號','726',3,15,216),(86,'0','10671台北市大安區和平東路二段134號','727',1,1,5),(87,'0','333桃園市龜山區文化一路250號','731',1,4,56),(88,'0','892金門縣金寧鄉大學路1號綜合大樓','732',4,21,361),(89,'0','404台中市北區雙十路一段16號','733',2,9,112),(90,'0','100台北市中正區愛國西路1號','734',1,1,1),(91,'0','407224台中市西屯區台灣大道四段1727號','801',2,9,114),(92,'0','242新北市新莊區中正路510號','802',1,2,33),(93,'0','111台北市士林區臨溪路70號','803',1,1,8),(94,'0','320桃園市中壢區中北路200號','804',1,4,49),(95,'0','251301新北市淡水區英專路151號','805',1,2,39),(96,'0','111台北市士林區華岡路55號','806',1,1,8),(97,'0','407台中市西屯區文華路100號','807',2,9,114),(98,'0','433台中市沙鹿區台灣大道七段200號','808',2,9,130),(99,'0','33302桃園市龜山區文化一路259號','809',1,4,56),(100,'0','320桃園市中壢區遠東路135號','810',1,4,49),(101,'0','300新竹市香山區五福路二段707號','811',1,5,64),(102,'0','515006彰化縣大村鄉學府路168號','812',2,10,151),(103,'0','84001高雄市大樹區學城路一段1號','814',3,16,280),(104,'0','116台北市文山區木柵路一段17巷1號','815',1,1,12),(105,'台北校區','111005台北市士林區中山北路五段250號','816',1,1,8),(106,'桃園校區','333桃園市龜山區德明路5號','816',1,4,56),(107,'臺北校區','104台北市中山區大直街70號','817',1,1,3),(108,'高雄校區','84550高雄市內門區大學路200號','817',3,16,284),(109,'0','807高雄市三民區十全一路100號','818',3,16,260),(110,'0','622嘉義縣大林鎮南華路一段55號','819',3,14,212),(111,'0','251新北市淡水區真理街32號','820',1,2,39),(112,'0','104台北市中山區中山北路三段40號1樓','821',1,1,3),(113,'0','970花蓮縣花蓮市中央路三段701號970','822',4,19,330),(114,'0','711台南市歸仁區長大路1號','825',3,15,223),(115,'0','30092新竹市香山區玄奘路48號','827',1,5,64),(116,'0','413台中市霧峰區柳豐路500號','828',2,9,118),(117,'0','338桃園市蘆竹區開南路1號','829',1,4,61),(118,'0','262307宜蘭縣礁溪鄉林尾路160號','830',1,7,80),(119,'0','523彰化縣埤頭鄉文化路369號','831',2,10,156);
/*!40000 ALTER TABLE `分校` ENABLE KEYS */;
UNLOCK TABLES;

--
-- Table structure for table `地區`
--

DROP TABLE IF EXISTS `地區`;
/*!40101 SET @saved_cs_client     = @@character_set_client */;
/*!40101 SET character_set_client = utf8 */;
CREATE TABLE `地區` (
  `地區ID` tinyint(4) NOT NULL AUTO_INCREMENT,
  `地區類型` varchar(7) NOT NULL,
  PRIMARY KEY (`地區ID`)
) ENGINE=InnoDB AUTO_INCREMENT=5 DEFAULT CHARSET=utf8mb4;
/*!40101 SET character_set_client = @saved_cs_client */;

--
-- Dumping data for table `地區`
--

LOCK TABLES `地區` WRITE;
/*!40000 ALTER TABLE `地區` DISABLE KEYS */;
INSERT INTO `地區` VALUES (1,'北部'),(2,'中部'),(3,'南部'),(4,'東部與其他');
/*!40000 ALTER TABLE `地區` ENABLE KEYS */;
UNLOCK TABLES;

--
-- Table structure for table `學校`
--

DROP TABLE IF EXISTS `學校`;
/*!40101 SET @saved_cs_client     = @@character_set_client */;
/*!40101 SET character_set_client = utf8 */;
CREATE TABLE `學校` (
  `學校ID` char(3) NOT NULL,
  `校名` varchar(20) NOT NULL,
  `網址` varchar(45) DEFAULT NULL,
  PRIMARY KEY (`學校ID`)
) ENGINE=InnoDB DEFAULT CHARSET=utf8mb4;
/*!40101 SET character_set_client = @saved_cs_client */;

--
-- Dumping data for table `學校`
--

LOCK TABLES `學校` WRITE;
/*!40000 ALTER TABLE `學校` DISABLE KEYS */;
INSERT INTO `學校` VALUES ('101','國立臺灣科技大學','https://www.ntust.edu.tw/home.php'),('102','國立雲林科技大學','http://www.yuntech.edu.tw/'),('103','國立屏東科技大學','https://www.npust.edu.tw'),('104','國立臺北科技大學','https://www.ntut.edu.tw/'),('105','國立高雄科技大學','https://www.nkust.edu.tw/'),('107','國立虎尾科技大學','http://www.nfu.edu.tw/'),('109','國立澎湖科技大學','http://www.npu.edu.tw'),('110','國立勤益科技大學','https://www.ncut.edu.tw/'),('111','國立臺北護理健康大學','https://www.ntunhs.edu.tw/'),('112','國立高雄餐旅大學','https://www.nkuht.edu.tw/app/home.php'),('113','國立臺中科技大學','http://www.nutc.edu.tw/'),('114','國立臺北商業大學','https://www.ntub.edu.tw'),('201','朝陽科技大學','http://www.cyut.edu.tw/'),('202','南臺科技大學','http://www.stust.edu.tw'),('203','崑山科技大學','https://www.ksu.edu.tw/'),('204','嘉藥學校財團法人嘉南藥理大學','https://www.cnu.edu.tw/'),('205','樹德科技大學','http://www.stu.edu.tw/'),('206','龍華科技大學','http://www.lhu.edu.tw'),('207','輔英科技大學','https://www.fy.edu.tw/'),('208','明新科技大學','http://www.must.edu.tw'),('209','弘光科技大學','http://www.hk.edu.tw/'),('210','健行科技大學','https://www.uch.edu.tw/index.htm'),('211','正修科技大學','https://www.csu.edu.tw'),('212','萬能科技大學','https://www.vnu.edu.tw/'),('213','建國科技大學','https://www.ctu.edu.tw/'),('214','明志科技大學','http://www.mcut.edu.tw'),('216','大仁科技大學','http://www.tajen.edu.tw/'),('217','聖約翰科技大學','http://www.sju.edu.tw'),('218','嶺東科技大學','http://www.ltu.edu.tw/'),('219','中國科技大學','https://www.cute.edu.tw/'),('220','中臺科技大學','https://www.ctust.edu.tw/'),('221','台南應用科技大學','http://www.tut.edu.tw'),('222','遠東科技大學','http://www.feu.edu.tw/web/'),('223','元培醫事科技大學','https://www.ypu.edu.tw/index.php'),('224','景文科技大學','https://www.just.edu.tw'),('225','中華醫事科技大學','https://www.hwai.edu.tw/index.php'),('226','東南科技大學','https://www.tnu.edu.tw/'),('227','德明財經科技大學','http://www.takming.edu.tw/'),('228','南開科技大學','https://www.nkut.edu.tw/index.php'),('229','中華科技大學','http://www.cust.edu.tw'),('230','僑光科技大學','https://www.ocu.edu.tw/index.php'),('231','育達科技大學','https://www.ydu.edu.tw/'),('232','美和科技大學','https://www.meiho.edu.tw/'),('233','吳鳳科技大學','http://www.wfu.edu.tw'),('236','修平科技大學','http://www.hust.edu.tw/'),('237','長庚學校財團法人長庚科技大學','https://www.cgust.edu.tw'),('238','敏實科技大學','http://www.mitust.edu.tw/'),('239','臺北城市科技大學','https://www.tpcu.edu.tw/bin/home.php '),('240','醒吾科技大學','https://www.hwu.edu.tw/'),('241','文藻外語大學','http://www.wzu.edu.tw/'),('244','慈濟學校財團法人慈濟科技大學','http://www.tcust.edu.tw/'),('245','致理科技大學','https://www.chihlee.edu.tw/'),('246','宏國德霖科技大學','https://w5.hdut.edu.tw/app/home.php'),('248','崇右影藝科技大學','http://www.cufa.edu.tw'),('249','台北海洋科技大學','https://www.tumt.edu.tw/'),('250','亞東科技大學','https://www.aeust.edu.tw/'),('403','大漢技術學院','https://rpage.dahan.edu.tw/'),('411','南亞技術學院','http://www.nanya.edu.tw'),('415','黎明技術學院','https://www.lit.edu.tw/'),('417','經國管理暨健康學院','https://www.cku.edu.tw'),('502','國立臺南護理專科學校','http://www.ntin.edu.tw/'),('503','國立臺東專科學校','http://www.ntc.edu.tw/'),('701','國立政治大學','http://www.nccu.edu.tw'),('702','國立清華大學','http://www.nthu.edu.tw'),('703','國立臺灣大學','http://www.ntu.edu.tw'),('704','國立臺灣師範大學','http://www.ntnu.edu.tw'),('705','國立成功大學','https://www.ncku.edu.tw/'),('706','國立中興大學','http://www.nchu.edu.tw/index1.php'),('707','國立陽明交通大學','https://www.nycu.edu.tw/'),('708','國立中央大學','http://www.ncu.edu.tw'),('709','國立中山大學','http://www.nsysu.edu.tw'),('710','國立臺灣海洋大學','http://www.ntou.edu.tw'),('711','國立中正大學','http://www.ccu.edu.tw'),('712','國立高雄師範大學','http://www.nknu.edu.tw'),('713','國立彰化師範大學','http://www.ncue.edu.tw'),('715','國立臺北大學','http://www.ntpu.edu.tw/'),('716','國立嘉義大學','https://www.ncyu.edu.tw'),('717','國立高雄大學','http://www.nuk.edu.tw'),('718','國立東華大學','https://www.ndhu.edu.tw'),('719','國立暨南國際大學','http://www.ncnu.edu.tw'),('720','國立臺北藝術大學','https://w3.tnua.edu.tw/'),('721','國立臺灣藝術大學','http://www.ntua.edu.tw'),('722','國立臺東大學','http://www.nttu.edu.tw'),('723','國立宜蘭大學','http://www.niu.edu.tw'),('724','國立聯合大學','http://www.nuu.edu.tw'),('725','國立臺南藝術大學','http://www.tnnua.edu.tw'),('726','國立臺南大學','https://www.nutn.edu.tw'),('727','國立臺北教育大學','http://www.ntue.edu.tw'),('729','國立臺中教育大學','http://www.ntcu.edu.tw'),('731','國立體育大學','http://www.ntsu.edu.tw'),('732','國立金門大學','http://www.nqu.edu.tw'),('733','國立臺灣體育運動大學','https://www.ntus.edu.tw'),('734','臺北市立大學','http://www.utaipei.edu.tw/'),('738','國立屏東大學','https://www.nptu.edu.tw'),('801','東海大學','http://www.thu.edu.tw'),('802','輔仁大學','http://www.fju.edu.tw'),('803','東吳大學','http://www.scu.edu.tw'),('804','中原大學','http://www.cycu.edu.tw'),('805','淡江大學','http://www.tku.edu.tw'),('806','中國文化大學','http://www.pccu.edu.tw'),('807','逢甲大學','https://www.fcu.edu.tw/'),('808','靜宜大學','https://www.pu.edu.tw'),('809','長庚大學','http://www.cgu.edu.tw'),('810','元智大學','http://www.yzu.edu.tw'),('811','中華大學','https://www1.chu.edu.tw/'),('812','大葉大學','https://www.dyu.edu.tw/'),('814','義守大學','http://www.isu.edu.tw'),('815','世新大學','https://www.shu.edu.tw'),('816','銘傳大學','http://www.mcu.edu.tw'),('817','實踐大學','http://www.usc.edu.tw'),('818','高雄醫學大學','https://www.kmu.edu.tw/'),('819','南華大學','http://www.nhu.edu.tw'),('820','真理大學','http://www.au.edu.tw'),('821','大同大學','http://www.ttu.edu.tw'),('822','慈濟學校財團法人慈濟大學','http://www.tcu.edu.tw'),('823','臺北醫學大學','http://www.tmu.edu.tw'),('825','長榮大學','http://www.cjcu.edu.tw'),('826','中國醫藥大學','http://www.cmu.edu.tw'),('827','玄奘大學','http://www.hcu.edu.tw'),('828','亞洲大學','http://www.asia.edu.tw'),('829','開南大學','http://www.knu.edu.tw'),('830','佛光大學','http://www.fgu.edu.tw'),('831','明道學校財團法人明道大學','http://www.mdu.edu.tw');
/*!40000 ALTER TABLE `學校` ENABLE KEYS */;
UNLOCK TABLES;

--
-- Table structure for table `技優`
--

DROP TABLE IF EXISTS `技優`;
/*!40101 SET @saved_cs_client     = @@character_set_client */;
/*!40101 SET character_set_client = utf8 */;
CREATE TABLE `技優` (
  `類別ID` char(2) NOT NULL,
  `類別名稱` varchar(8) NOT NULL,
  `類型` tinyint(4) DEFAULT NULL,
  PRIMARY KEY (`類別ID`)
) ENGINE=InnoDB DEFAULT CHARSET=utf8mb4;
/*!40101 SET character_set_client = @saved_cs_client */;

--
-- Dumping data for table `技優`
--

LOCK TABLES `技優` WRITE;
/*!40000 ALTER TABLE `技優` DISABLE KEYS */;
INSERT INTO `技優` VALUES ('10','機械',NULL),('12','農機',NULL),('15','汽車',NULL),('20','電機',NULL),('21','冷凍',NULL),('25','電子',NULL),('26','電訊',NULL),('30','化工',NULL),('33','紡織',NULL),('34','紡化',NULL),('35','衛生',NULL),('40','土木',NULL),('41','農土',NULL),('44','輪機',NULL),('45','航運',NULL),('46','漁業',NULL),('47','水產養殖',NULL),('50','護理',NULL),('55','工程',NULL),('56','管理',NULL),('60','商業',NULL),('62','航管',NULL),('65','資管',NULL),('70','園藝',NULL),('71','畜牧',NULL),('72','農場經營',NULL),('73','林產(甲)',NULL),('74','林產(乙)',NULL),('76','家政',NULL),('77','服裝',NULL),('78','美容',NULL),('79','餐旅',NULL),('80','工設',NULL),('85','商設',NULL),('90','食品',NULL),('91','水產製造',NULL),('95','幼保',NULL),('96','資安',NULL);
/*!40000 ALTER TABLE `技優` ENABLE KEYS */;
UNLOCK TABLES;

--
-- Table structure for table `甄選`
--

DROP TABLE IF EXISTS `甄選`;
/*!40101 SET @saved_cs_client     = @@character_set_client */;
/*!40101 SET character_set_client = utf8 */;
CREATE TABLE `甄選` (
  `類群ID` char(2) NOT NULL,
  `類群名稱` varchar(12) NOT NULL,
  `類型` tinyint(4) DEFAULT NULL,
  PRIMARY KEY (`類群ID`)
) ENGINE=InnoDB DEFAULT CHARSET=utf8mb4;
/*!40101 SET character_set_client = @saved_cs_client */;

--
-- Dumping data for table `甄選`
--

LOCK TABLES `甄選` WRITE;
/*!40000 ALTER TABLE `甄選` DISABLE KEYS */;
INSERT INTO `甄選` VALUES ('01','機械群',NULL),('02','動力機械群',NULL),('03','電機與電子群電機類',NULL),('04','電機與電子群資電類',NULL),('05','化工群',NULL),('06','土木與建築群',NULL),('07','設計群',NULL),('08','工程與管理類',NULL),('09','商業與管理群',NULL),('10','衛生與護理類',NULL),('11','食品群',NULL),('12','家政群幼保類',NULL),('13','家政群生活應用類',NULL),('14','農業群',NULL),('15','外語群英語類',NULL),('16','外語群日語類',NULL),('17','餐旅群',NULL),('18','海事群',NULL),('19','水產群',NULL),('20','藝術群影視類',NULL),('21','資管類',NULL);
/*!40000 ALTER TABLE `甄選` ENABLE KEYS */;
UNLOCK TABLES;

--
-- Table structure for table `科系`
--

DROP TABLE IF EXISTS `科系`;
/*!40101 SET @saved_cs_client     = @@character_set_client */;
/*!40101 SET character_set_client = utf8 */;
CREATE TABLE `科系` (
  `科系ID` int(11) NOT NULL AUTO_INCREMENT,
  `科系名稱` varchar(25) NOT NULL,
  PRIMARY KEY (`科系ID`)
) ENGINE=InnoDB AUTO_INCREMENT=778 DEFAULT CHARSET=utf8mb4;
/*!40101 SET character_set_client = @saved_cs_client */;

--
-- Dumping data for table `科系`
--

LOCK TABLES `科系` WRITE;
/*!40000 ALTER TABLE `科系` DISABLE KEYS */;
INSERT INTO `科系` VALUES (1,'不分系學士班'),(2,'企業管理系'),(3,'全球發展工程學士學位學程材料工程組'),(4,'全球發展工程學士學位學程機械工程組'),(5,'化學工程系'),(6,'工業管理系'),(7,'工程學士班'),(8,'建築系'),(9,'應用外語系'),(10,'材料科學與工程系'),(11,'機械工程系'),(12,'機電技優專班'),(13,'營建工程系'),(14,'管理學士班'),(15,'設計系商業設計組'),(16,'設計系工業設計組'),(17,'資訊工程系'),(18,'資訊管理系'),(19,'電子工程系'),(20,'電機工程系'),(21,'電資學士班'),(22,'創意生活設計系'),(23,'化學工程與材料工程系'),(24,'國際管理學士學位學程'),(25,'工業工程與管理系'),(26,'工業設計系'),(27,'工程科技菁英班'),(28,'建築與室內設計系室內組'),(29,'建築與室內設計系建築組'),(30,'數位媒體設計系'),(31,'文化資產維護系'),(32,'智慧機器人學士學位學程'),(33,'會計系'),(34,'環境與安全衛生工程系'),(35,'視覺傳達設計系'),(36,'財務金融系'),(37,'跨域整合設計學士學位學程'),(38,'休閒運動健康系'),(39,'動物科學與畜產系'),(40,'土木工程系'),(41,'幼兒保育系'),(42,'時尚設計與管理系'),(43,'智慧機電學士學位學程'),(44,'木材科學與設計系'),(45,'材料工程系'),(46,'森林系'),(47,'植物醫學系'),(48,'水土保持系'),(49,'水產養殖系'),(50,'熱帶農業暨國際合作系'),(51,'獸醫學系'),(52,'環境工程與科學系'),(53,'生物機電工程系'),(54,'生物科技系'),(55,'社會工作系'),(56,'財務金融國際學士學位學程'),(57,'車輛工程系'),(58,'農企業管理系'),(59,'農園生產系'),(60,'食品科學系'),(61,'餐旅管理系'),(62,'互動設計系媒體設計組'),(63,'互動設計系視覺傳達設計組'),(64,'光電工程系'),(65,'分子科學與工程系'),(66,'創意設計學士班'),(67,'化學工程與生物科技系'),(68,'工業設計系家具與室內設計組'),(69,'工業設計系產品設計組'),(70,'工程科技學士班'),(71,'應用英文系'),(72,'文化事業發展系'),(73,'材料及資源工程系材料組'),(74,'材料及資源工程系資源組'),(75,'機電學士班'),(76,'機電技優領航專班'),(77,'經營管理系'),(78,'能源與冷凍空調工程系'),(79,'資訊與財金管理系'),(80,'人力資源發展系'),(81,'供應鏈管理系'),(82,'半導體工程系'),(83,'商務資訊應用系'),(84,'國際企業系'),(85,'微電子應用技優領航專班'),(86,'應用德語系'),(87,'應用日語系'),(88,'應用英語系'),(89,'文化創意產業系'),(90,'智慧商務系'),(91,'智慧海事技優專班'),(92,'智慧系統技優專班'),(93,'會計資訊系'),(94,'模具工程系'),(95,'模具工程系光電模具組'),(96,'模具工程系精微模具組'),(97,'機械工程系微奈米技術組'),(98,'機械工程系智能系統與控制組'),(99,'機電工程系智慧自動化組'),(100,'機電工程系精密機械組'),(101,'水產食品科學系'),(102,'海事資訊科技系'),(103,'海洋休閒管理系'),(104,'海洋環境工程系'),(105,'海洋生物技術系'),(106,'漁業科技與管理系'),(107,'航運技術系'),(108,'航運管理系'),(109,'行銷與流通管理系'),(110,'觀光管理系'),(111,'財務管理系'),(112,'財政稅務系'),(113,'輪機工程系'),(114,'造船及海洋工程系'),(115,'運籌管理系'),(116,'金融系'),(117,'金融資訊系'),(118,'電腦與通訊工程系'),(119,'電訊工程系'),(120,'風險管理與保險系'),(121,'高瞻科技不分系學士學位學程'),(122,'電子工程系資訊組'),(123,'電子工程系電信與系統組'),(124,'電子工程系電子組'),(125,'休閒遊憩系'),(126,'動力機械工程系'),(127,'多媒體設計系'),(128,'機械與電腦輔助工程系'),(129,'機械設計工程系'),(130,'臥虎專班'),(131,'自動化工程系'),(132,'農業科技系'),(133,'電子工程科'),(134,'飛機工程系機械組'),(135,'飛機工程系航空電子組'),(136,'海洋遊憩系'),(137,'行銷與物流管理系'),(138,'觀光休閒系'),(139,'電信工程系'),(140,'人工智慧應用工程系'),(141,'健康產業科技研發與管理系'),(142,'冷凍空調與能源系'),(143,'冷凍空調與能源系環境控制組'),(144,'冷凍空調與能源系能源應用組'),(145,'化工與材料工程系'),(146,'文化創意事業系'),(147,'景觀系'),(148,'智慧自動化工程系'),(149,'流通管理系'),(150,'電子工程系智慧機器人組'),(151,'電子工程系積體電路與系統應用組'),(152,'電子工程系網路多媒體暨遊戲機組'),(153,'休閒產業與健康促進系'),(154,'健康事業管理系'),(155,'嬰幼兒保育系'),(156,'生死與健康心理諮商系'),(157,'語言治療與聽力學系'),(158,'護理系'),(159,'運動保健系'),(160,'高齡健康照護系'),(161,'中餐廚藝系'),(162,'休閒暨遊憩管理系'),(163,'國際廚藝學士學位學程'),(164,'國際觀光學士學位學程'),(165,'旅運管理系'),(166,'旅館管理系'),(167,'烘焙管理系'),(168,'航空暨運輸服務管理系'),(169,'西餐廚藝系'),(170,'餐旅暨會展行銷管理系'),(171,'餐飲管理系'),(172,'人工智慧應用工程學士學位學程'),(173,'休閒事業經營系'),(174,'保險金融管理系'),(175,'商業設計系'),(176,'國際貿易與經營系'),(177,'室內設計系'),(178,'應用中文系'),(179,'應用統計系'),(180,'應用資訊日語技優領航類專班'),(181,'智慧生產工程系'),(182,'美容系'),(183,'老人服務事業管理系'),(184,'創意科技與產品設計系'),(185,'商業設計管理系'),(186,'數位多媒體設計系'),(187,'國際商務系'),(188,'休閒事業管理系'),(189,'傳播藝術系'),(190,'建築系室內設計組'),(191,'建築系建築組'),(192,'應用化學系'),(193,'景觀及都市設計系'),(194,'環境工程與管理系'),(195,'航空機械系'),(196,'航空運務系'),(197,'資訊工程系人工智慧組'),(198,'資訊工程系資電工程組'),(199,'資訊管理系數位多媒體組'),(200,'資訊管理系資訊管理組'),(201,'資訊與通訊系'),(202,'銀髮產業管理系'),(203,'飛行與民航人員技術系'),(204,'創新產品設計系'),(205,'半導體與光電工程系'),(206,'多媒體與電腦娛樂科學系'),(207,'工業管理與資訊系工業管理組'),(208,'工業管理與資訊系電子商務組'),(209,'機械工程系先進車輛組'),(210,'機械工程系自動化控制組'),(211,'流行音樂產業系'),(212,'生物與食品科技系'),(213,'視覺傳達設計系創意生活設計組'),(214,'視覺傳達設計系動畫設計組'),(215,'視覺傳達設計系商業設計組'),(216,'資訊傳播系'),(217,'電機工程系控制與晶片組'),(218,'電機工程系生醫電子系統組'),(219,'電機工程系電能資訊組'),(220,'高齡福祉服務系'),(221,'休閒遊憩與運動管理系'),(222,'先進應用材料工程系'),(223,'公共關係暨廣告系'),(224,'微商營運學士學位學程'),(225,'房地產開發與管理系'),(226,'旅遊事業管理系'),(227,'時尚展演事業系'),(228,'智慧機器人工程系'),(229,'樂齡生活產業管理學士學位學程'),(230,'機械工程系智慧製造組'),(231,'機械工程系智慧車輛組'),(232,'環境工程系'),(233,'環境工程系綠色科技與管理組'),(234,'空間設計系'),(235,'視訊傳播設計系'),(236,'金融管理系'),(237,'電腦與遊戲發展科學學士學位學程'),(238,'餐飲管理及廚藝系'),(239,'休閒保健管理系'),(240,'保健營養系'),(241,'公共安全及消防系'),(242,'化粧品應用與管理系'),(243,'多媒體與遊戲發展系'),(244,'應用外語系應用日文組'),(245,'應用外語系應用英文組'),(246,'環境工程與科學系環境應用組'),(247,'環境工程與科學系環境科技組'),(248,'環境資源管理系'),(249,'生活保健科技系'),(250,'職業安全衛生系'),(251,'藥學系'),(252,'藥粧生技產業系'),(253,'觀光事業管理系'),(254,'運動管理系'),(255,'醫務管理系'),(256,'食品科技系'),(257,'食藥產業暨檢測科技系'),(258,'高齡福祉養生管理系'),(259,'休閒與觀光管理系'),(260,'兒童與家庭服務系'),(261,'動畫與遊戲設計系'),(262,'會展行銷與活動管理系'),(263,'流行設計系'),(264,'生活產品設計系'),(265,'美髮設計與經營學士學位學程'),(266,'藝術管理與藝術經紀系'),(267,'行銷管理系'),(268,'表演藝術系'),(269,'電子競技與電腦娛樂科學系'),(270,'電腦與通訊系'),(271,'餐旅與烘焙管理系'),(272,'多媒體與遊戲發展科學系'),(273,'數位行銷暨跨境商務系'),(274,'文化創意與數位媒體設計系'),(275,'資訊網路工程系'),(276,'休閒與遊憩事業管理系'),(277,'健康美容系'),(278,'幼兒保育暨產業系'),(279,'應用化學及材料科學系'),(280,'物理治療系'),(281,'資訊科技與管理系'),(282,'高齡及長期照護事業系'),(283,'半導體與光電科技系'),(284,'國際商務外語系'),(285,'土木工程與環境資源管理系'),(286,'應用材料科技系'),(287,'旅館管理與廚藝創意系'),(288,'時尚造型與設計系'),(289,'樂齡服務產業管理系'),(290,'財務金融系創意行銷組'),(291,'財務金融系智慧理財組'),(292,'運動事業管理系'),(293,'風力發電學士學位學程'),(294,'動物保健系'),(295,'化妝品應用系'),(296,'國際溝通英語系'),(297,'多媒體遊戲發展與應用系'),(298,'文化設計與行銷系'),(299,'智慧科技應用系'),(300,'營養系'),(301,'環境與安全衛生工程系環境工程組'),(302,'環境與安全衛生工程系綠色科技組'),(303,'環境與安全衛生工程系職業安全衛生組'),(304,'美髮造型設計系'),(305,'老人福利與長期照顧事業系'),(306,'運動休閒系'),(307,'醫療器材發展與應用系'),(308,'食品科技系烘焙科技組'),(309,'食品科技系食品科技組'),(310,'企業管理系時尚產業管理組'),(311,'國際企業經營系航空行銷組'),(312,'國際企業經營系觀光休閒組'),(313,'室內設計與管理系'),(314,'應用外語系日韓語組'),(315,'應用外語系英語組'),(316,'應用空間資訊系'),(317,'行銷與流通管理系運動行銷組'),(318,'財務金融系投資理財組'),(319,'財務金融系金融管理組'),(320,'餐旅管理系餐旅創業組'),(321,'休閒與運動管理系'),(322,'化妝品與時尚彩妝系'),(323,'土木與空間資訊系'),(324,'幼兒保育系家庭社工組'),(325,'幼兒保育系托育教學組'),(326,'建築與室內設計系室內設計組'),(327,'建築與室內設計系建築設計組'),(328,'機械工程系機電組'),(329,'機械工程系精密設計製造組'),(330,'觀光遊憩系'),(331,'電競科技管理系'),(332,'企業管理系餐旅微型創業管理組'),(333,'化妝品應用與管理系'),(334,'室內設計與營建科技系室內設計與管理組'),(335,'時尚造型設計系時尚表演藝術組'),(336,'時尚造型設計系時尚造型設計組'),(337,'精密機械與工業工程系'),(338,'航空光機電系'),(339,'行銷與流通管理系航空暨運籌管理組'),(340,'觀光與休閒事業管理系'),(341,'資訊工程系遊戲設計與競技組'),(342,'資訊工程系電機控制組'),(343,'創意產品與遊戲設計系'),(344,'國際企業管理系'),(345,'行銷與服務管理系'),(346,'視覺傳達設計系媒體設計組'),(347,'觀光系'),(348,'運動健康與休閒系'),(349,'半導體材料與製程學士學位學程'),(350,'工業人工智慧學士學位學程'),(351,'數位行銷設計學士學位學程'),(352,'機械工程系光機電組'),(353,'機械工程系精密機械組'),(354,'機械工程系車輛組'),(355,'休閒運動管理系'),(356,'寵物照護暨美容系'),(357,'消防安全學士學位學程'),(358,'環境與職業安全衛生系'),(359,'生命禮儀暨關懷事業系'),(360,'藥學系臨床藥學組'),(361,'藥學系藥學組'),(362,'觀光事業系'),(363,'樂齡福祉與健康促進系'),(364,'創意產品設計系'),(365,'應用外語系應用日語組'),(366,'應用外語系應用英語組'),(367,'時尚經營系'),(368,'服飾設計系'),(369,'觀光與休閒管理系'),(370,'資訊科技系智慧聯網互動科技應用組'),(371,'資訊科技系智慧製造科技組'),(372,'資訊科技系網路管理與雲端應用組'),(373,'資訊科技系行動與系統應用組'),(374,'資訊管理系數位生活設計組'),(375,'資訊管理系資訊管理應用組'),(376,'影視設計系'),(377,'企業管理系航空暨運輸服務管理組'),(378,'土木與防災系'),(379,'管理學院企業管理雙學士學位學程'),(380,'人工智慧健康管理系'),(381,'兒童教育暨事業經營系'),(382,'牙體技術暨材料系'),(383,'老人照顧系'),(384,'視光系'),(385,'醫學影像暨放射科學系'),(386,'醫學檢驗生物技術系'),(387,'醫療暨健康產業管理系'),(388,'企業管理系廣告與數位行銷組'),(389,'商品設計系'),(390,'國際企業經營系'),(391,'多媒體動畫系'),(392,'時尚設計系'),(393,'服飾設計管理系'),(394,'流行音樂系'),(395,'漫畫系'),(396,'生活服務產業系'),(397,'美容造型設計系'),(398,'美術系'),(399,'資訊管理系娛樂與網路應用組'),(400,'運動休閒與健康管理系'),(401,'養生休閒管理系'),(402,'餐飲系'),(403,'多媒體與遊戲發展管理系'),(404,'流行音樂產業管理系'),(405,'流行音樂產業管理系流行音樂組'),(406,'飛機修護系'),(407,'餐飲管理系廚藝組'),(408,'餐飲管理系日式料理組'),(409,'健康休閒管理系健康保健組'),(410,'健康休閒管理系運動休閒組'),(411,'寵物保健系'),(412,'應用外語學士學位學程'),(413,'環境工程衛生系'),(414,'生物科技暨製藥技術系'),(415,'生物醫學工程系'),(416,'醫務管理系健康管理組'),(417,'醫務管理系醫療產業管理組'),(418,'醫學影像暨放射技術系'),(419,'高齡福祉事業管理學士學位學程'),(420,'應用外語系日文組'),(421,'應用外語系英文組'),(422,'旅遊管理系休閒遊憩管理組'),(423,'旅遊管理系航空暨運輸服務管理組'),(424,'理財與稅務規劃系'),(425,'行動商務與多媒體應用系'),(426,'視覺傳達設計系時尚工藝組'),(427,'視覺傳達設計系視覺設計組'),(428,'餐飲管理系烘焙組'),(429,'餐飲管理系管理組'),(430,'寵物照護與美容系'),(431,'製藥工程系'),(432,'語言治療系'),(433,'食品營養系'),(434,'創新設計學院專班'),(435,'工程與電資學院專班'),(436,'觀餐休閒與管理學院專班'),(437,'企業管理系時尚經營管理組'),(438,'國際貿易系'),(439,'流通管理系連鎖加盟組'),(440,'行銷管理系國際會展與觀光休閒組'),(441,'財務金融系不動產金融與投資管理組'),(442,'財務金融系數位金融組'),(443,'資訊科技系'),(444,'風險管理與財富規劃系'),(445,'長期照顧與管理系'),(446,'電機與資訊技術系'),(447,'企業資訊與管理系'),(448,'機械工程系動力機械組'),(449,'生物科技系化妝品生技組'),(450,'生物科技系生物科技組'),(451,'電機與資訊工程系'),(452,'航空服務管理系'),(453,'航空電子系'),(454,'國際貿易系亞太貿易組'),(455,'國際貿易系歐美貿易組'),(456,'多媒體與遊戲設計系'),(457,'旅館與會展管理系'),(458,'生活創意設計系'),(459,'財經法律系'),(460,'時尚造型設計系'),(461,'智慧機電工程與應用系'),(462,'物聯網工程與應用學士學位學程'),(463,'觀光休閒管理系'),(464,'餐旅經營系'),(465,'美容系保健造型設計組'),(466,'美容系寵物美容設計組'),(467,'運動與休閒管理系'),(468,'應用數位媒體系'),(469,'應用數位媒體系視覺傳達設計組'),(470,'消防系'),(471,'車輛科技與經營管理系'),(472,'人力資源管理與發展系'),(473,'企業經營管理系'),(474,'觀光與遊憩管理系'),(475,'智慧製造工程系'),(476,'智慧車輛與能源系'),(477,'休閒事業系'),(478,'旅館事業管理學士學位學程'),(479,'時尚造型事業系'),(480,'流行音樂事業系'),(481,'演藝事業系'),(482,'烘焙創意與經營管理學士學位學程'),(483,'餐飲事業系'),(484,'數位設計系'),(485,'新媒體傳播系'),(486,'時尚產業經營管理系'),(487,'時尚造形設計系'),(488,'流行音樂創作系'),(489,'資訊科技應用系'),(490,'國際事務系'),(491,'外語教學系'),(492,'德國語文系'),(493,'應用華語文系'),(494,'數位內容應用與管理系'),(495,'日本語文系'),(496,'東南亞學系'),(497,'法國語文系'),(498,'翻譯系'),(499,'英國語文系'),(500,'西班牙語文系'),(501,'醫務暨健康管理系'),(502,'休閒遊憩管理系'),(503,'商務科技管理系'),(504,'園藝系'),(505,'會展活動管理系'),(506,'餐飲廚藝系'),(507,'影視傳播系'),(508,'海洋休閒觀光管理系'),(509,'海洋運動休閒系'),(510,'航海系'),(511,'健康促進與銀髮保健系'),(512,'健康照顧社會工作系'),(513,'寵物業經營管理系'),(514,'新媒體互動科技應用學士學位學程'),(515,'海空物流與行銷管理系'),(516,'演藝時尚事業管理系'),(517,'觀光旅遊事業管理系'),(518,'電競數位遊戲與動畫設計系'),(519,'工商業設計系'),(520,'材料織品服裝系材料應用科技組'),(521,'材料織品服裝系織品服裝設計組'),(522,'機械工程系汽車組'),(523,'通訊工程系'),(524,'休閒遊憩與觀光餐旅管理系'),(525,'休閒與餐旅管理系'),(526,'機械工程系車輛工程組'),(527,'戲劇系'),(528,'數位多媒體系'),(529,'時尚經營管理系'),(530,'觀光休閒與健康系'),(531,'食品保健系'),(532,'餐旅廚藝管理系'),(533,'高齡照顧福祉系'),(534,'化妝品應用科'),(535,'創意商品設計科'),(536,'動力機械科產業機械組'),(537,'動力機械科車輛組'),(538,'園藝暨景觀科'),(539,'建築科'),(540,'行銷與流通管理科'),(541,'資訊管理科'),(542,'電機工程科'),(543,'食品科技科'),(544,'餐旅管理科'),(545,'金融學系'),(546,'動力機械工程學系'),(547,'藝術與設計學系創作組'),(548,'藝術與設計學系設計組'),(549,'動物科學技術學系'),(550,'土木工程學系'),(551,'圖文傳播學系'),(552,'工業教育學系'),(553,'機電工程學系'),(554,'車輛與能源工程學士學位學程'),(555,'電機工程學系'),(556,'會計學系'),(557,'企業管理學系'),(558,'動物科學系'),(559,'園藝學系'),(560,'應用經濟學系'),(561,'材料科學與工程學系'),(562,'森林學系木材科學組'),(563,'森林學系林學組'),(564,'植物病理學系'),(565,'生物產業機電工程學系'),(566,'農藝學系'),(567,'機械工程學系'),(568,'生物醫學工程學系'),(569,'資訊工程學系'),(570,'經濟學系'),(571,'財務金融學系'),(572,'機械與機電工程學系'),(573,'海洋環境及工程學系'),(574,'海洋科學系'),(575,'商船學系'),(576,'水產養殖學系'),(577,'海洋文創設計產業學士學位學程'),(578,'海洋生物科技學士學位學程'),(579,'海洋經營管理學士學位學程'),(580,'環境生物與漁業科學學系'),(581,'航運管理學系'),(582,'輪機工程學系'),(583,'外國語文學系'),(584,'工業科技教育學系能源與冷凍空調組'),(585,'視覺設計學系'),(586,'工業教育與技術學系'),(587,'美術學系'),(588,'財務金融技術學系'),(589,'資訊管理學系數位內容科技與管理組'),(590,'電子工程學系'),(591,'景觀學系'),(592,'水生生物科學系'),(593,'工藝與創意設計學系'),(594,'自然資源與環境學系'),(595,'藝術創意產業學系'),(596,'藝術與設計學系'),(597,'資訊工程學系資工組'),(598,'國際企業學系'),(599,'觀光休閒與餐旅管理學系觀光休閒組'),(600,'觀光休閒與餐旅管理學系餐旅管理組'),(601,'電影創作學系'),(602,'圖文傳播藝術學系'),(603,'電影學系'),(604,'幼兒教育學系'),(605,'資訊管理學系'),(606,'化學工程與材料工程學系'),(607,'應用經濟與管理學系'),(608,'森林暨自然資源學系'),(609,'生物技術與動物科學系'),(610,'生物機電工程學系'),(611,'光電工程學系'),(612,'化學工程學系'),(613,'土木與防災工程學系'),(614,'建築學系'),(615,'環境與安全衛生工程學系'),(616,'經營管理學系'),(617,'材質創作與設計系'),(618,'視覺藝術與設計學系'),(619,'文化創意產業經營學系'),(620,'文化創意產業設計與營運學系'),(621,'休閒產業經營學系'),(622,'土木與工程管理學系'),(623,'工業工程與管理學系'),(624,'應用英語學系'),(625,'海洋與邊境管理學系'),(626,'社會工作學系'),(627,'觀光管理學系'),(628,'護理學系'),(629,'運動與休閒學系'),(630,'都市計畫與景觀學系'),(631,'運動事業管理學系'),(632,'運動資訊與傳播學系'),(633,'應用物理暨化學系應用化學組'),(634,'不動產經營學系'),(635,'休閒事業經營學系'),(636,'商業自動化與管理學系'),(637,'國際經營與貿易學系'),(638,'應用日語學系'),(639,'智慧機器人學系'),(640,'行銷與流通管理學系'),(641,'視覺藝術學系'),(642,'電腦與通訊學系'),(643,'工業工程與經營資訊學系'),(644,'日本語言文化學系'),(645,'畜產與生物科技學系'),(646,'行政管理暨政策學系'),(647,'景觀設計學系'),(648,'織品服裝學系服飾設計組'),(649,'織品服裝學系織品設計組'),(650,'日本語文學系'),(651,'俄國語文學系'),(652,'英文學系'),(653,'西班牙語文學系'),(654,'資訊傳播學系'),(655,'電機工程學系電機通訊組'),(656,'園藝暨生物技術學系'),(657,'大眾傳播學系'),(658,'廣告學系'),(659,'生活應用科學系'),(660,'紡織工程學系'),(661,'觀光事業學系'),(662,'財務金融學系財務金融組'),(663,'財務金融學系金融行銷組'),(664,'合作經濟暨社會事業經營學系'),(665,'土地管理學系'),(666,'工業工程與系統管理學系'),(667,'建築專業學院學士班'),(668,'機械與電腦輔助工程學系'),(669,'水利工程與資源保育學系'),(670,'精密系統設計學士學位學程'),(671,'纖維與複合材料學系'),(672,'自動控制工程學系'),(673,'航太與系統工程學系'),(674,'財稅學系'),(675,'資訊電機學院學士班'),(676,'通訊工程學系'),(677,'都市計畫與空間資訊學系'),(678,'風險管理與保險學系'),(679,'法律學系'),(680,'社會工作與兒童少年福利學系'),(681,'英國語文學系'),(682,'資訊傳播工程學系'),(683,'食品營養學系食品與生物技術組'),(684,'工業設計學系'),(685,'資訊傳播學系設計組'),(686,'景觀建築學系景觀設計組'),(687,'景觀建築學系產品設計組'),(688,'觀光學院'),(689,'休閒事業管理學系'),(690,'會計資訊學系'),(691,'機械與自動化工程學系'),(692,'空間設計學系室內設計組'),(693,'空間設計學系建築組'),(694,'英語學系'),(695,'藥用植物與食品保健學系'),(696,'視覺傳達設計學系'),(697,'觀光旅遊學系'),(698,'造形藝術學系'),(699,'餐旅管理學系'),(700,'創意整合設計學系'),(701,'國際商務學系'),(702,'國際溝通暨應用英語學系'),(703,'廚藝暨美食學學系'),(704,'觀光智慧服務與科技學系'),(705,'財務金融管理學系'),(706,'運動科技與休閒管理學系'),(707,'醫務管理學系'),(708,'數位多媒體設計學系動畫設計組'),(709,'數位多媒體設計學系遊戲設計組'),(710,'資訊管理學系資訊科技組'),(711,'資訊管理學系資訊管理組'),(712,'新聞學系'),(713,'休閒遊憩管理學系'),(714,'商品設計學系'),(715,'商業設計學系'),(716,'數位媒體設計學系'),(717,'生物科技學系'),(718,'醫療資訊與管理學系'),(719,'電腦與通訊工程學系'),(720,'家庭研究與兒童發展學系'),(721,'應用外語學系'),(722,'服裝設計學系'),(723,'資訊科技與管理學系'),(724,'食品營養與保健生技學系'),(725,'餐飲管理學系'),(726,'休閒產業管理學系'),(727,'國際企業管理學系'),(728,'應用日文學系'),(729,'時尚設計學系'),(730,'服飾設計與經營學系'),(731,'醫務管理暨醫療資訊學系'),(732,'醫藥暨應用化學系應用化學組'),(733,'醫藥暨應用化學系醫藥化學組'),(734,'傳播學系'),(735,'旅遊管理學系'),(736,'生死學系殯葬服務組'),(737,'生死學系社會工作組'),(738,'自然生物科技學系'),(739,'人文與資訊學系'),(740,'國際企業與貿易學系'),(741,'工業管理與經營資訊學系'),(742,'理財與稅務規劃學系'),(743,'觀光數位知識學系'),(744,'事業經營學系'),(745,'兒童發展與家庭教育學系'),(746,'牙體技術學系'),(747,'食品安全學系'),(748,'保健營養學系'),(749,'土地管理與開發學系'),(750,'翻譯學系'),(751,'職業安全與衛生學系'),(752,'觀光與餐飲管理學系'),(753,'資訊暨設計學院學士班'),(754,'食品安全衛生與檢驗學士學位學程'),(755,'營養學系'),(756,'休閒與遊憩管理學系'),(757,'健康產業管理學系'),(758,'創意商品設計學系'),(759,'室內設計學系'),(760,'心理學系'),(761,'會計與資訊學系'),(762,'生物資訊與醫學工程學系'),(763,'行動商務與多媒體應用學系'),(764,'醫學檢驗暨生物技術學系'),(765,'食品營養與保健生技學系保健化妝品組'),(766,'食品營養與保健生技學系食品營養組'),(767,'國際物流與運輸管理學系'),(768,'空運管理學系'),(769,'觀光與餐飲旅館學系'),(770,'健康與創意蔬食產業學系'),(771,'產品與媒體設計學系'),(772,'資訊應用學系'),(773,'休閒保健學系'),(774,'數位設計學系'),(775,'景觀與環境設計學系'),(776,'智慧暨精緻農業學系'),(777,'智慧能源工程學系');
/*!40000 ALTER TABLE `科系` ENABLE KEYS */;
UNLOCK TABLES;

--
-- Table structure for table `縣市`
--

DROP TABLE IF EXISTS `縣市`;
/*!40101 SET @saved_cs_client     = @@character_set_client */;
/*!40101 SET character_set_client = utf8 */;
CREATE TABLE `縣市` (
  `縣市ID` tinyint(4) NOT NULL AUTO_INCREMENT,
  `縣市名稱` varchar(6) NOT NULL,
  `地區ID` tinyint(4) DEFAULT NULL,
  PRIMARY KEY (`縣市ID`),
  KEY `地區ID` (`地區ID`),
  CONSTRAINT `縣市_ibfk_1` FOREIGN KEY (`地區ID`) REFERENCES `地區` (`地區ID`) ON DELETE CASCADE ON UPDATE CASCADE
) ENGINE=InnoDB AUTO_INCREMENT=24 DEFAULT CHARSET=utf8mb4;
/*!40101 SET character_set_client = @saved_cs_client */;

--
-- Dumping data for table `縣市`
--

LOCK TABLES `縣市` WRITE;
/*!40000 ALTER TABLE `縣市` DISABLE KEYS */;
INSERT INTO `縣市` VALUES (1,'台北市',1),(2,'新北市',1),(3,'基隆市',1),(4,'桃園市',1),(5,'新竹市',1),(6,'新竹縣',1),(7,'宜蘭縣',1),(8,'苗栗縣',2),(9,'台中市',2),(10,'彰化縣',2),(11,'南投縣',2),(12,'雲林縣',2),(13,'嘉義市',3),(14,'嘉義縣',3),(15,'台南市',3),(16,'高雄市',3),(17,'屏東縣',3),(18,'澎湖縣',3),(19,'花蓮縣',4),(20,'台東縣',4),(21,'金門縣',4),(22,'連江縣',4),(23,'南海諸島',4);
/*!40000 ALTER TABLE `縣市` ENABLE KEYS */;
UNLOCK TABLES;

--
-- Table structure for table `鄉鎮市區`
--

DROP TABLE IF EXISTS `鄉鎮市區`;
/*!40101 SET @saved_cs_client     = @@character_set_client */;
/*!40101 SET character_set_client = utf8 */;
CREATE TABLE `鄉鎮市區` (
  `行政區ID` smallint(6) NOT NULL AUTO_INCREMENT,
  `區號` char(3) NOT NULL,
  `行政區名稱` varchar(8) NOT NULL,
  `縣市ID` tinyint(4) DEFAULT NULL,
  PRIMARY KEY (`行政區ID`),
  KEY `縣市ID` (`縣市ID`),
  CONSTRAINT `鄉鎮市區_ibfk_1` FOREIGN KEY (`縣市ID`) REFERENCES `縣市` (`縣市ID`) ON DELETE CASCADE ON UPDATE CASCADE
) ENGINE=InnoDB AUTO_INCREMENT=372 DEFAULT CHARSET=utf8mb4;
/*!40101 SET character_set_client = @saved_cs_client */;

--
-- Dumping data for table `鄉鎮市區`
--

LOCK TABLES `鄉鎮市區` WRITE;
/*!40000 ALTER TABLE `鄉鎮市區` DISABLE KEYS */;
INSERT INTO `鄉鎮市區` VALUES (1,'100','中正區',1),(2,'103','大同區',1),(3,'104','中山區',1),(4,'105','松山區',1),(5,'106','大安區',1),(6,'108','萬華區',1),(7,'110','信義區',1),(8,'111','士林區',1),(9,'112','北投區',1),(10,'114','內湖區',1),(11,'115','南港區',1),(12,'116','文山區',1),(13,'207','萬里區',2),(14,'208','金山區',2),(15,'220','板橋區',2),(16,'221','汐止區',2),(17,'222','深坑區',2),(18,'223','石碇區',2),(19,'224','瑞芳區',2),(20,'226','平溪區',2),(21,'227','雙溪區',2),(22,'228','貢寮區',2),(23,'231','新店區',2),(24,'232','坪林區',2),(25,'233','烏來區',2),(26,'234','永和區',2),(27,'235','中區和',2),(28,'236','土城區',2),(29,'237','三峽區',2),(30,'238','樹林區',2),(31,'239','鶯歌區',2),(32,'241','三重區',2),(33,'242','新莊區',2),(34,'243','泰山區',2),(35,'244','林口區',2),(36,'247','蘆洲區',2),(37,'248','五股區',2),(38,'249','八里區',2),(39,'251','淡水區',2),(40,'252','三芝區',2),(41,'253','石門區',2),(42,'200','仁愛區',3),(43,'201','信義區',3),(44,'202','中正區',3),(45,'203','中山區',3),(46,'204','安樂區',3),(47,'205','暖暖區',3),(48,'206','七堵區',3),(49,'320','中壢區',4),(50,'324','平鎮區',4),(51,'325','龍潭區',4),(52,'326','楊梅區',4),(53,'327','新屋區',4),(54,'328','觀音區',4),(55,'330','桃園區',4),(56,'333','龜山區',4),(57,'334','八德區',4),(58,'335','大溪區',4),(59,'336','復興區',4),(60,'337','大園區',4),(61,'338','蘆竹區',4),(62,'300','北區',5),(63,'300','東區',5),(64,'300','香山區',5),(65,'302','竹北市',6),(66,'303','湖口鄉',6),(67,'304','新豐鄉',6),(68,'305','新埔鎮',6),(69,'306','關西鎮',6),(70,'307','芎林鄉',6),(71,'308','寶山鄉',6),(72,'310','竹東鎮',6),(73,'311','五峰鄉',6),(74,'312','橫山鄉',6),(75,'313','尖石鄉',6),(76,'314','北埔鄉',6),(77,'315','峨眉鄉',6),(78,'260','宜蘭市',7),(79,'261','頭城鎮',7),(80,'262','礁溪鄉',7),(81,'263','壯圍鄉',7),(82,'264','員山鄉',7),(83,'265','羅東鎮',7),(84,'266','三星鄉',7),(85,'267','大同鄉',7),(86,'268','五結鄉',7),(87,'269','冬山鄉',7),(88,'270','蘇澳鎮',7),(89,'272','南澳鄉',7),(90,'350','竹南鎮',8),(91,'351','頭份鎮',8),(92,'352','三灣鄉',8),(93,'353','南庄鄉',8),(94,'354','獅潭鄉',8),(95,'356','後龍鎮',8),(96,'357','通霄鎮',8),(97,'358','苑裡鎮',8),(98,'360','苗栗市',8),(99,'361','造橋鄉',8),(100,'362','頭屋鄉',8),(101,'363','公館鄉',8),(102,'364','大湖鄉',8),(103,'365','泰安鄉',8),(104,'366','銅鑼鄉',8),(105,'367','三義鄉',8),(106,'368','西湖鄉',8),(107,'369','卓蘭鎮',8),(108,'400','中區',9),(109,'401','東區',9),(110,'402','南區',9),(111,'403','西區',9),(112,'404','北區',9),(113,'406','北屯區',9),(114,'407','西屯區',9),(115,'408','南屯區',9),(116,'411','太平區',9),(117,'412','大里區',9),(118,'413','霧峰區',9),(119,'414','烏日區',9),(120,'420','豐原區',9),(121,'421','后里區',9),(122,'422','石岡區',9),(123,'423','東勢區',9),(124,'424','和平區',9),(125,'426','新社區',9),(126,'427','潭子區',9),(127,'428','大雅區',9),(128,'429','神岡區',9),(129,'432','大肚區',9),(130,'433','沙鹿區',9),(131,'434','龍井區',9),(132,'435','梧棲區',9),(133,'436','清水區',9),(134,'437','大甲區',9),(135,'438','外埔區',9),(136,'439','大安區',9),(137,'500','彰化市',10),(138,'502','芬園鄉',10),(139,'503','花壇鄉',10),(140,'504','秀水鄉',10),(141,'505','鹿港鎮',10),(142,'506','福興鄉',10),(143,'507','線西鄉',10),(144,'508','和美鎮',10),(145,'509','伸港鄉',10),(146,'510','員林鎮',10),(147,'511','社頭鄉',10),(148,'512','永靖鄉',10),(149,'513','埔心鄉',10),(150,'514','溪湖鎮',10),(151,'515','大村鄉',10),(152,'516','埔鹽鄉',10),(153,'520','田中鎮',10),(154,'521','北斗鎮',10),(155,'522','田尾鄉',10),(156,'523','埤頭鄉',10),(157,'524','溪州鄉',10),(158,'525','竹塘鄉',10),(159,'526','二林鎮',10),(160,'527','大城鄉',10),(161,'528','芳苑鄉',10),(162,'530','二水鄉',10),(163,'540','南投市',11),(164,'541','中寮鄉',11),(165,'542','草屯鎮',11),(166,'544','國姓鄉',11),(167,'545','埔里鎮',11),(168,'546','仁愛鄉',11),(169,'551','名間鄉',11),(170,'552','集集鎮',11),(171,'553','水里鄉',11),(172,'555','魚池鄉',11),(173,'556','信義鄉',11),(174,'557','竹山鎮',11),(175,'558','鹿谷鄉',11),(176,'630','斗南鎮',12),(177,'631','大埤鄉',12),(178,'632','虎尾鎮',12),(179,'633','土庫鎮',12),(180,'634','褒忠鄉',12),(181,'635','東勢鄉',12),(182,'636','臺西鄉',12),(183,'637','崙背鄉',12),(184,'638','麥寮鄉',12),(185,'640','斗六市',12),(186,'643','林內鄉',12),(187,'646','古坑鄉',12),(188,'647','莿桐鄉',12),(189,'648','西螺鎮',12),(190,'649','二崙鄉',12),(191,'651','北港鎮',12),(192,'652','水林鄉',12),(193,'653','口湖鄉',12),(194,'654','四湖鄉',12),(195,'655','元長鄉',12),(196,'600','東區',13),(197,'600','西區',13),(198,'602','番路鄉',14),(199,'603','梅山鄉',14),(200,'604','竹崎鄉',14),(201,'605','阿里山鄉',14),(202,'606','中埔鄉',14),(203,'607','大埔鄉',14),(204,'608','水上鄉',14),(205,'611','鹿草鄉',14),(206,'612','太保市',14),(207,'613','朴子市',14),(208,'614','東石鄉',14),(209,'615','六腳鄉',14),(210,'616','新港鄉',14),(211,'621','民雄鄉',14),(212,'622','大林鎮',14),(213,'623','溪口鄉',14),(214,'624','義竹鄉',14),(215,'625','布袋鎮',14),(216,'700','中西區',15),(217,'701','東區',15),(218,'702','南區',15),(219,'704','北區',15),(220,'708','安平區',15),(221,'709','安南區',15),(222,'710','永康區',15),(223,'711','歸仁區',15),(224,'712','新化區',15),(225,'713','左鎮區',15),(226,'714','玉井區',15),(227,'715','楠西區',15),(228,'716','南化區',15),(229,'717','仁德區',15),(230,'718','關廟區',15),(231,'719','龍崎區',15),(232,'720','官田區',15),(233,'721','麻豆區',15),(234,'722','佳里區',15),(235,'723','西港區',15),(236,'724','七股區',15),(237,'725','將軍區',15),(238,'726','學甲區',15),(239,'727','北門區',15),(240,'730','新營區',15),(241,'731','後壁區',15),(242,'732','白河區',15),(243,'733','東山區',15),(244,'734','六甲區',15),(245,'735','下營區',15),(246,'736','柳營區',15),(247,'737','鹽水區',15),(248,'741','善化區',15),(249,'742','大內區',15),(250,'743','山上區',15),(251,'744','新市區',15),(252,'745','安定區',15),(253,'800','新興區',16),(254,'801','前金區',16),(255,'802','苓雅區',16),(256,'803','鹽埕區',16),(257,'804','鼓山區',16),(258,'805','旗津區',16),(259,'806','前鎮區',16),(260,'807','三民區',16),(261,'811','楠梓區',16),(262,'812','小港區',16),(263,'813','左營區',16),(264,'814','仁武區',16),(265,'815','大社區',16),(266,'820','岡區山',16),(267,'821','路竹區',16),(268,'822','阿蓮區',16),(269,'823','田寮區',16),(270,'824','燕巢區',16),(271,'825','橋頭區',16),(272,'826','梓官區',16),(273,'827','彌陀區',16),(274,'828','永安區',16),(275,'829','湖內區',16),(276,'830','鳳山區',16),(277,'831','大寮區',16),(278,'832','林園區',16),(279,'833','鳥松區',16),(280,'840','大樹區',16),(281,'842','旗山區',16),(282,'843','美濃區',16),(283,'844','六龜區',16),(284,'845','內門區',16),(285,'846','杉林區',16),(286,'847','甲仙區',16),(287,'848','桃源區',16),(288,'849','那瑪夏區',16),(289,'851','茂林區',16),(290,'852','茄萣區',16),(291,'900','屏東市',17),(292,'901','三地門鄉',17),(293,'902','霧臺鄉',17),(294,'903','瑪家鄉',17),(295,'904','九如鄉',17),(296,'905','里港鄉',17),(297,'906','高樹鄉',17),(298,'907','鹽埔鄉',17),(299,'908','長治鄉',17),(300,'909','麟洛鄉',17),(301,'911','竹田鄉',17),(302,'912','內埔鄉',17),(303,'913','萬丹鄉',17),(304,'920','潮州鄉',17),(305,'921','泰武鄉',17),(306,'922','來義鄉',17),(307,'923','萬巒鄉',17),(308,'924','崁頂鄉',17),(309,'925','新埤鄉',17),(310,'926','南州鄉',17),(311,'927','林邊鄉',17),(312,'928','東港鎮',17),(313,'929','琉球鄉',17),(314,'931','佳冬鄉',17),(315,'932','新園鄉',17),(316,'940','枋寮鄉',17),(317,'941','枋山鄉',17),(318,'942','春日鄉',17),(319,'943','獅子鄉',17),(320,'944','車城鄉',17),(321,'945','牡丹鄉',17),(322,'946','恆春鎮',17),(323,'947','滿州鄉',17),(324,'880','馬公市',18),(325,'881','西嶼鄉',18),(326,'882','望安鄉',18),(327,'883','七美鄉',18),(328,'884','白沙鄉',18),(329,'885','湖西鄉',18),(330,'970','花蓮市',19),(331,'971','新城鄉',19),(332,'972','秀林鄉',19),(333,'973','吉安鄉',19),(334,'974','壽豐鄉',19),(335,'975','鳳林鎮',19),(336,'976','光復鄉',19),(337,'977','豐濱鄉',19),(338,'978','瑞穗鄉',19),(339,'979','萬榮鄉',19),(340,'981','玉里鎮',19),(341,'982','卓溪鄉',19),(342,'983','富里鄉',19),(343,'950','台東市',20),(344,'951','綠島鄉',20),(345,'952','蘭嶼鄉',20),(346,'953','延平鄉',20),(347,'954','卑南鄉',20),(348,'955','鹿野鄉',20),(349,'956','關山鎮',20),(350,'957','海端鄉',20),(351,'958','池上鄉',20),(352,'959','東河鄉',20),(353,'961','成功鎮',20),(354,'962','長濱鄉',20),(355,'963','太麻里鄉',20),(356,'964','金峰鄉',20),(357,'965','大武鄉',20),(358,'966','達仁鄉',20),(359,'890','金沙鎮',21),(360,'891','金湖鎮',21),(361,'892','金寧鄉',21),(362,'893','金城鎮',21),(363,'894','烈嶼鄉',21),(364,'896','烏坵鄉',21),(365,'209','南竿鄉',22),(366,'210','北竿鄉',22),(367,'211','莒光鄉',22),(368,'212','東引鄉',22),(369,'817','東沙群島',23),(370,'819','南沙群島',23),(371,'290','釣魚台列嶼',23);
/*!40000 ALTER TABLE `鄉鎮市區` ENABLE KEYS */;
UNLOCK TABLES;
/*!40103 SET TIME_ZONE=@OLD_TIME_ZONE */;

/*!40101 SET SQL_MODE=@OLD_SQL_MODE */;
/*!40014 SET FOREIGN_KEY_CHECKS=@OLD_FOREIGN_KEY_CHECKS */;
/*!40014 SET UNIQUE_CHECKS=@OLD_UNIQUE_CHECKS */;
/*!40101 SET CHARACTER_SET_CLIENT=@OLD_CHARACTER_SET_CLIENT */;
/*!40101 SET CHARACTER_SET_RESULTS=@OLD_CHARACTER_SET_RESULTS */;
/*!40101 SET COLLATION_CONNECTION=@OLD_COLLATION_CONNECTION */;
/*!40111 SET SQL_NOTES=@OLD_SQL_NOTES */;

-- Dump completed on 2023-10-01 23:42:51
